/home/adam/Desktop/betzalel_personal/keras-retinanet/data/araplus/raw_data/16-06-2020 130452.jpg,340,654,346,656,p0
/home/adam/Desktop/betzalel_personal/keras-retinanet/data/araplus/raw_data/16-06-2020 130452.jpg,431,159,499,370,p0
/home/adam/Desktop/betzalel_personal/keras-retinanet/data/araplus/raw_data/IMG_6229.jpg,2169,929,3024,4032,p0
/home/adam/Desktop/betzalel_personal/keras-retinanet/data/araplus/raw_data/IMG_6229.jpg,1183,880,2274,3769,p0
/home/adam/Desktop/betzalel_personal/keras-retinanet/data/araplus/raw_data/IMG_6229.jpg,414,698,1254,3538,p0
/home/adam/Desktop/betzalel_personal/keras-retinanet/data/araplus/raw_data/16-06-2020 130527.jpg,342,196,513,748,p0
/home/adam/Desktop/betzalel_personal/keras-retinanet/data/araplus/raw_data/16-06-2020 130527.jpg,521,182,730,772,p0
/home/adam/Desktop/betzalel_personal/keras-retinanet/data/araplus/raw_data/16-06-2020 130527.jpg,551,915,687,1248,p0
/home/adam/Desktop/betzalel_personal/keras-retinanet/data/araplus/raw_data/16-06-2020 130527.jpg,422,917,558,1248,p0
/home/adam/Desktop/betzalel_personal/keras-retinanet/data/araplus/raw_data/16-06-2020 130527.jpg,297,905,413,1149,p0
/home/adam/Desktop/betzalel_personal/keras-retinanet/data/araplus/raw_data/16-06-2020 130527.jpg,171,894,291,1129,p0
/home/adam/Desktop/betzalel_personal/keras-retinanet/data/araplus/raw_data/16-06-2020 130527.jpg,159,190,340,789,p0
/home/adam/Desktop/betzalel_personal/keras-retinanet/data/araplus/raw_data/16-06-2020 130527.jpg,0,191,193,792,p0
/home/adam/Desktop/betzalel_personal/keras-retinanet/data/araplus/raw_data/16-06-2020 105630.jpg,183,388,382,719,p0
/home/adam/Desktop/betzalel_personal/keras-retinanet/data/araplus/raw_data/16-06-2020 105630.jpg,226,977,457,1236,p0
/home/adam/Desktop/betzalel_personal/keras-retinanet/data/araplus/raw_data/16-06-2020 105630.jpg,353,365,508,694,p0
/home/adam/Desktop/betzalel_personal/keras-retinanet/data/araplus/raw_data/16-06-2020 105630.jpg,29,427,87,733,p0
/home/adam/Desktop/betzalel_personal/keras-retinanet/data/araplus/raw_data/16-06-2020 130350.jpg,19,0,228,451,p0
/home/adam/Desktop/betzalel_personal/keras-retinanet/data/araplus/raw_data/16-06-2020 130350.jpg,211,2,403,425,p0
/home/adam/Desktop/betzalel_personal/keras-retinanet/data/araplus/raw_data/16-06-2020 130350.jpg,386,2,508,406,p0
/home/adam/Desktop/betzalel_personal/keras-retinanet/data/araplus/raw_data/16-06-2020 130350.jpg,567,3,677,401,p0
/home/adam/Desktop/betzalel_personal/keras-retinanet/data/araplus/raw_data/16-06-2020 130350.jpg,93,686,260,983,p0
/home/adam/Desktop/betzalel_personal/keras-retinanet/data/araplus/raw_data/16-06-2020 130350.jpg,251,624,392,937,p0
/home/adam/Desktop/betzalel_personal/keras-retinanet/data/araplus/raw_data/16-06-2020 130350.jpg,412,659,517,997,p0
/home/adam/Desktop/betzalel_personal/keras-retinanet/data/araplus/raw_data/16-06-2020 130350.jpg,562,650,641,1007,p0
/home/adam/Desktop/betzalel_personal/keras-retinanet/data/araplus/raw_data/16-06-2020 130350.jpg,169,1108,237,1242,p0
/home/adam/Desktop/betzalel_personal/keras-retinanet/data/araplus/raw_data/16-06-2020 130350.jpg,417,1114,478,1248,p0
/home/adam/Desktop/betzalel_personal/keras-retinanet/data/araplus/raw_data/16-06-2020 130350.jpg,527,1112,576,1216,p0
/home/adam/Desktop/betzalel_personal/keras-retinanet/data/araplus/raw_data/16-06-2020 130730.jpg,141,658,233,908,p0
/home/adam/Desktop/betzalel_personal/keras-retinanet/data/araplus/raw_data/16-06-2020 130730.jpg,65,662,145,920,p0
/home/adam/Desktop/betzalel_personal/keras-retinanet/data/araplus/raw_data/16-06-2020 130730.jpg,564,614,673,864,p0
/home/adam/Desktop/betzalel_personal/keras-retinanet/data/araplus/raw_data/16-06-2020 130730.jpg,642,606,741,850,p0
/home/adam/Desktop/betzalel_personal/keras-retinanet/data/araplus/raw_data/16-06-2020 130730.jpg,290,645,378,887,p0
/home/adam/Desktop/betzalel_personal/keras-retinanet/data/araplus/raw_data/16-06-2020 130730.jpg,222,651,309,885,p0
/home/adam/Desktop/betzalel_personal/keras-retinanet/data/araplus/raw_data/16-06-2020 130730.jpg,316,348,372,548,p0
/home/adam/Desktop/betzalel_personal/keras-retinanet/data/araplus/raw_data/16-06-2020 130730.jpg,222,320,316,547,p0
/home/adam/Desktop/betzalel_personal/keras-retinanet/data/araplus/raw_data/16-06-2020 130730.jpg,144,334,231,561,p0
/home/adam/Desktop/betzalel_personal/keras-retinanet/data/araplus/raw_data/16-06-2020 130730.jpg,76,342,163,568,p0
/home/adam/Desktop/betzalel_personal/keras-retinanet/data/araplus/raw_data/16-06-2020 130730.jpg,225,26,308,226,p0
/home/adam/Desktop/betzalel_personal/keras-retinanet/data/araplus/raw_data/16-06-2020 130730.jpg,154,43,237,225,p0
/home/adam/Desktop/betzalel_personal/keras-retinanet/data/araplus/raw_data/16-06-2020 130730.jpg,326,73,403,211,p0
/home/adam/Desktop/betzalel_personal/keras-retinanet/data/araplus/raw_data/16-06-2020 105715.jpg,678,241,803,619,p0
/home/adam/Desktop/betzalel_personal/keras-retinanet/data/araplus/raw_data/16-06-2020 105715.jpg,288,286,507,752,p0
/home/adam/Desktop/betzalel_personal/keras-retinanet/data/araplus/raw_data/16-06-2020 105715.jpg,496,251,703,728,p0
/home/adam/Desktop/betzalel_personal/keras-retinanet/data/araplus/raw_data/16-06-2020 105715.jpg,0,552,140,894,p0
/home/adam/Desktop/betzalel_personal/keras-retinanet/data/araplus/raw_data/16-06-2020 105715.jpg,34,353,314,878,p0
/home/adam/Desktop/betzalel_personal/keras-retinanet/data/araplus/raw_data/16-06-2020 130507.jpg,450,645,589,1087,p0
/home/adam/Desktop/betzalel_personal/keras-retinanet/data/araplus/raw_data/16-06-2020 130507.jpg,219,0,360,388,p0
/home/adam/Desktop/betzalel_personal/keras-retinanet/data/araplus/raw_data/16-06-2020 130507.jpg,358,0,534,395,p0
/home/adam/Desktop/betzalel_personal/keras-retinanet/data/araplus/raw_data/16-06-2020 130507.jpg,534,87,654,392,p0
/home/adam/Desktop/betzalel_personal/keras-retinanet/data/araplus/raw_data/16-06-2020 130507.jpg,288,629,461,1165,p0
/home/adam/Desktop/betzalel_personal/keras-retinanet/data/araplus/raw_data/16-06-2020 130507.jpg,104,623,281,1157,p0
/home/adam/Desktop/betzalel_personal/keras-retinanet/data/araplus/raw_data/16-06-2020 130507.jpg,1,615,101,1138,p0
/home/adam/Desktop/betzalel_personal/keras-retinanet/data/araplus/raw_data/16-06-2020 105722.jpg,557,271,687,645,p0
/home/adam/Desktop/betzalel_personal/keras-retinanet/data/araplus/raw_data/16-06-2020 105722.jpg,681,256,821,613,p0
/home/adam/Desktop/betzalel_personal/keras-retinanet/data/araplus/raw_data/16-06-2020 105722.jpg,134,343,385,787,p0
/home/adam/Desktop/betzalel_personal/keras-retinanet/data/araplus/raw_data/16-06-2020 105722.jpg,382,309,575,747,p0
/home/adam/Desktop/betzalel_personal/keras-retinanet/data/araplus/raw_data/16-06-2020 105722.jpg,19,388,114,924,p0
/home/adam/Desktop/betzalel_personal/keras-retinanet/data/araplus/raw_data/16-06-2020 105558.jpg,596,855,790,1182,p0
/home/adam/Desktop/betzalel_personal/keras-retinanet/data/araplus/raw_data/16-06-2020 105558.jpg,60,221,173,710,p0
/home/adam/Desktop/betzalel_personal/keras-retinanet/data/araplus/raw_data/16-06-2020 105558.jpg,188,181,407,687,p0
/home/adam/Desktop/betzalel_personal/keras-retinanet/data/araplus/raw_data/16-06-2020 105558.jpg,512,890,644,1240,p0
/home/adam/Desktop/betzalel_personal/keras-retinanet/data/araplus/raw_data/16-06-2020 105558.jpg,340,920,543,1232,p0
/home/adam/Desktop/betzalel_personal/keras-retinanet/data/araplus/raw_data/16-06-2020 105558.jpg,440,114,696,660,p0
/home/adam/Desktop/betzalel_personal/keras-retinanet/data/araplus/raw_data/16-06-2020 130634.jpg,603,0,761,381,p0
/home/adam/Desktop/betzalel_personal/keras-retinanet/data/araplus/raw_data/16-06-2020 130634.jpg,447,0,536,353,p0
/home/adam/Desktop/betzalel_personal/keras-retinanet/data/araplus/raw_data/16-06-2020 130634.jpg,687,0,832,375,p0
/home/adam/Desktop/betzalel_personal/keras-retinanet/data/araplus/raw_data/16-06-2020 130634.jpg,301,38,461,444,p0
/home/adam/Desktop/betzalel_personal/keras-retinanet/data/araplus/raw_data/16-06-2020 130634.jpg,324,525,430,708,p0
/home/adam/Desktop/betzalel_personal/keras-retinanet/data/araplus/raw_data/16-06-2020 130634.jpg,546,579,639,679,p0
/home/adam/Desktop/betzalel_personal/keras-retinanet/data/araplus/raw_data/16-06-2020 130634.jpg,0,895,125,1028,p0
/home/adam/Desktop/betzalel_personal/keras-retinanet/data/araplus/raw_data/16-06-2020 105731.jpg,151,378,370,789,p0
/home/adam/Desktop/betzalel_personal/keras-retinanet/data/araplus/raw_data/16-06-2020 105731.jpg,310,355,558,722,p0
/home/adam/Desktop/betzalel_personal/keras-retinanet/data/araplus/raw_data/16-06-2020 105731.jpg,14,390,134,921,p0
/home/adam/Desktop/betzalel_personal/keras-retinanet/data/araplus/raw_data/16-06-2020 105731.jpg,539,308,701,672,p0
/home/adam/Desktop/betzalel_personal/keras-retinanet/data/araplus/raw_data/16-06-2020 105731.jpg,722,271,816,630,p0
/home/adam/Desktop/betzalel_personal/keras-retinanet/data/araplus/raw_data/16-06-2020 130500.jpg,700,262,784,701,p0
/home/adam/Desktop/betzalel_personal/keras-retinanet/data/araplus/raw_data/16-06-2020 130500.jpg,544,199,721,746,p0
/home/adam/Desktop/betzalel_personal/keras-retinanet/data/araplus/raw_data/16-06-2020 130500.jpg,359,214,526,755,p0
/home/adam/Desktop/betzalel_personal/keras-retinanet/data/araplus/raw_data/16-06-2020 130500.jpg,178,214,361,755,p0
/home/adam/Desktop/betzalel_personal/keras-retinanet/data/araplus/raw_data/16-06-2020 130644.jpg,329,365,498,777,p0
/home/adam/Desktop/betzalel_personal/keras-retinanet/data/araplus/raw_data/16-06-2020 130644.jpg,495,342,625,754,p0
/home/adam/Desktop/betzalel_personal/keras-retinanet/data/araplus/raw_data/16-06-2020 130644.jpg,175,304,352,685,p0
/home/adam/Desktop/betzalel_personal/keras-retinanet/data/araplus/raw_data/16-06-2020 130644.jpg,22,311,210,687,p0
/home/adam/Desktop/betzalel_personal/keras-retinanet/data/araplus/raw_data/16-06-2020 105439.jpg,367,1007,518,1240,p0
/home/adam/Desktop/betzalel_personal/keras-retinanet/data/araplus/raw_data/16-06-2020 105439.jpg,524,995,671,1245,p0
/home/adam/Desktop/betzalel_personal/keras-retinanet/data/araplus/raw_data/16-06-2020 105439.jpg,547,368,719,823,p0
/home/adam/Desktop/betzalel_personal/keras-retinanet/data/araplus/raw_data/16-06-2020 105439.jpg,12,420,132,835,p0
/home/adam/Desktop/betzalel_personal/keras-retinanet/data/araplus/raw_data/16-06-2020 105439.jpg,223,1018,378,1240,p0
/home/adam/Desktop/betzalel_personal/keras-retinanet/data/araplus/raw_data/16-06-2020 105439.jpg,358,340,540,818,p0
/home/adam/Desktop/betzalel_personal/keras-retinanet/data/araplus/raw_data/16-06-2020 105439.jpg,200,9,365,117,p0
/home/adam/Desktop/betzalel_personal/keras-retinanet/data/araplus/raw_data/16-06-2020 105439.jpg,114,365,311,875,p0
/home/adam/Desktop/betzalel_personal/keras-retinanet/data/araplus/raw_data/IMG_6220.jpg,274,894,940,3075,p0
/home/adam/Desktop/betzalel_personal/keras-retinanet/data/araplus/raw_data/IMG_6220.jpg,953,950,1632,3195,p0
/home/adam/Desktop/betzalel_personal/keras-retinanet/data/araplus/raw_data/IMG_6220.jpg,1680,991,2393,3362,p0
/home/adam/Desktop/betzalel_personal/keras-retinanet/data/araplus/raw_data/IMG_6220.jpg,2379,1083,3024,3369,p0
/home/adam/Desktop/betzalel_personal/keras-retinanet/data/araplus/raw_data/16-06-2020 130657.jpg,332,296,448,649,p0
/home/adam/Desktop/betzalel_personal/keras-retinanet/data/araplus/raw_data/16-06-2020 130657.jpg,439,295,552,661,p0
/home/adam/Desktop/betzalel_personal/keras-retinanet/data/araplus/raw_data/16-06-2020 130657.jpg,384,787,484,1056,p0
/home/adam/Desktop/betzalel_personal/keras-retinanet/data/araplus/raw_data/16-06-2020 130657.jpg,485,785,553,1046,p0
/home/adam/Desktop/betzalel_personal/keras-retinanet/data/araplus/raw_data/16-06-2020 130657.jpg,293,751,376,998,p0
/home/adam/Desktop/betzalel_personal/keras-retinanet/data/araplus/raw_data/16-06-2020 130657.jpg,193,747,277,997,p0
/home/adam/Desktop/betzalel_personal/keras-retinanet/data/araplus/raw_data/16-06-2020 130657.jpg,85,307,226,677,p0
/home/adam/Desktop/betzalel_personal/keras-retinanet/data/araplus/raw_data/16-06-2020 130657.jpg,212,294,323,677,p0
/home/adam/Desktop/betzalel_personal/keras-retinanet/data/araplus/raw_data/16-06-2020 105401.jpg,272,544,385,843,p0
/home/adam/Desktop/betzalel_personal/keras-retinanet/data/araplus/raw_data/16-06-2020 105401.jpg,402,544,519,841,p0
/home/adam/Desktop/betzalel_personal/keras-retinanet/data/araplus/raw_data/16-06-2020 105401.jpg,390,9,527,385,p0
/home/adam/Desktop/betzalel_personal/keras-retinanet/data/araplus/raw_data/16-06-2020 105401.jpg,562,544,683,913,p0
/home/adam/Desktop/betzalel_personal/keras-retinanet/data/araplus/raw_data/16-06-2020 105401.jpg,701,539,832,911,p0
/home/adam/Desktop/betzalel_personal/keras-retinanet/data/araplus/raw_data/16-06-2020 105401.jpg,552,0,717,359,p0
/home/adam/Desktop/betzalel_personal/keras-retinanet/data/araplus/raw_data/16-06-2020 105401.jpg,48,1055,141,1237,p0
/home/adam/Desktop/betzalel_personal/keras-retinanet/data/araplus/raw_data/16-06-2020 105401.jpg,166,1059,283,1245,p0
/home/adam/Desktop/betzalel_personal/keras-retinanet/data/araplus/raw_data/16-06-2020 105401.jpg,420,1048,530,1230,p0
/home/adam/Desktop/betzalel_personal/keras-retinanet/data/araplus/raw_data/16-06-2020 105401.jpg,300,1057,398,1235,p0
/home/adam/Desktop/betzalel_personal/keras-retinanet/data/araplus/raw_data/16-06-2020 105401.jpg,19,562,141,885,p0
/home/adam/Desktop/betzalel_personal/keras-retinanet/data/araplus/raw_data/16-06-2020 105401.jpg,158,543,263,848,p0
/home/adam/Desktop/betzalel_personal/keras-retinanet/data/araplus/raw_data/16-06-2020 105401.jpg,229,13,361,378,p0
/home/adam/Desktop/betzalel_personal/keras-retinanet/data/araplus/raw_data/16-06-2020 105401.jpg,37,23,182,369,p0
/home/adam/Desktop/betzalel_personal/keras-retinanet/data/araplus/raw_data/16-06-2020 105401.jpg,522,1052,642,1232,p0
/home/adam/Desktop/betzalel_personal/keras-retinanet/data/araplus/raw_data/16-06-2020 105401.jpg,661,1052,756,1232,p0
/home/adam/Desktop/betzalel_personal/keras-retinanet/data/araplus/raw_data/16-06-2020 130354.jpg,117,12,259,109,p0
/home/adam/Desktop/betzalel_personal/keras-retinanet/data/araplus/raw_data/16-06-2020 130354.jpg,0,420,173,779,p0
/home/adam/Desktop/betzalel_personal/keras-retinanet/data/araplus/raw_data/16-06-2020 130354.jpg,161,386,298,722,p0
/home/adam/Desktop/betzalel_personal/keras-retinanet/data/araplus/raw_data/16-06-2020 130354.jpg,320,415,440,789,p0
/home/adam/Desktop/betzalel_personal/keras-retinanet/data/araplus/raw_data/16-06-2020 130354.jpg,474,413,573,798,p0
/home/adam/Desktop/betzalel_personal/keras-retinanet/data/araplus/raw_data/16-06-2020 130354.jpg,105,906,178,1058,p0
/home/adam/Desktop/betzalel_personal/keras-retinanet/data/araplus/raw_data/16-06-2020 130354.jpg,343,883,427,1078,p0
/home/adam/Desktop/betzalel_personal/keras-retinanet/data/araplus/raw_data/16-06-2020 130354.jpg,447,873,498,998,p0
/home/adam/Desktop/betzalel_personal/keras-retinanet/data/araplus/raw_data/16-06-2020 130354.jpg,283,1180,341,1240,p0
/home/adam/Desktop/betzalel_personal/keras-retinanet/data/araplus/raw_data/16-06-2020 130354.jpg,355,1177,408,1232,p0
/home/adam/Desktop/betzalel_personal/keras-retinanet/data/araplus/raw_data/16-06-2020 130354.jpg,434,1171,477,1233,p0
/home/adam/Desktop/betzalel_personal/keras-retinanet/data/araplus/raw_data/IMG_6228.jpg,0,194,779,3271,p0
/home/adam/Desktop/betzalel_personal/keras-retinanet/data/araplus/raw_data/IMG_6228.jpg,680,341,1701,3509,p0
/home/adam/Desktop/betzalel_personal/keras-retinanet/data/araplus/raw_data/IMG_6228.jpg,1778,355,2917,3614,p0
/home/adam/Desktop/betzalel_personal/keras-retinanet/data/araplus/raw_data/16-06-2020 105343.jpg,736,616,825,965,p0
/home/adam/Desktop/betzalel_personal/keras-retinanet/data/araplus/raw_data/16-06-2020 105343.jpg,37,651,224,1095,p0
/home/adam/Desktop/betzalel_personal/keras-retinanet/data/araplus/raw_data/16-06-2020 105343.jpg,260,614,406,1007,p0
/home/adam/Desktop/betzalel_personal/keras-retinanet/data/araplus/raw_data/16-06-2020 105343.jpg,12,17,172,436,p0
/home/adam/Desktop/betzalel_personal/keras-retinanet/data/araplus/raw_data/16-06-2020 105343.jpg,253,63,388,431,p0
/home/adam/Desktop/betzalel_personal/keras-retinanet/data/araplus/raw_data/16-06-2020 105343.jpg,397,48,568,448,p0
/home/adam/Desktop/betzalel_personal/keras-retinanet/data/araplus/raw_data/16-06-2020 105343.jpg,475,618,617,1007,p0
/home/adam/Desktop/betzalel_personal/keras-retinanet/data/araplus/raw_data/16-06-2020 105343.jpg,609,608,726,957,p0
/home/adam/Desktop/betzalel_personal/keras-retinanet/data/araplus/raw_data/16-06-2020 105343.jpg,596,2,762,427,p0
/home/adam/Desktop/betzalel_personal/keras-retinanet/data/araplus/raw_data/16-06-2020 130314.jpg,310,258,405,506,p0
/home/adam/Desktop/betzalel_personal/keras-retinanet/data/araplus/raw_data/16-06-2020 130314.jpg,397,254,477,506,p0
/home/adam/Desktop/betzalel_personal/keras-retinanet/data/araplus/raw_data/16-06-2020 130314.jpg,472,269,557,511,p0
/home/adam/Desktop/betzalel_personal/keras-retinanet/data/araplus/raw_data/16-06-2020 130314.jpg,546,267,619,502,p0
/home/adam/Desktop/betzalel_personal/keras-retinanet/data/araplus/raw_data/16-06-2020 130314.jpg,4,256,30,506,p0
/home/adam/Desktop/betzalel_personal/keras-retinanet/data/araplus/raw_data/16-06-2020 130314.jpg,36,266,109,495,p0
/home/adam/Desktop/betzalel_personal/keras-retinanet/data/araplus/raw_data/16-06-2020 130314.jpg,0,598,30,791,p0
/home/adam/Desktop/betzalel_personal/keras-retinanet/data/araplus/raw_data/16-06-2020 130314.jpg,19,604,97,793,p0
/home/adam/Desktop/betzalel_personal/keras-retinanet/data/araplus/raw_data/16-06-2020 130314.jpg,74,617,162,791,p0
/home/adam/Desktop/betzalel_personal/keras-retinanet/data/araplus/raw_data/16-06-2020 130314.jpg,549,9,627,104,p0
/home/adam/Desktop/betzalel_personal/keras-retinanet/data/araplus/raw_data/16-06-2020 130314.jpg,329,4,380,129,p0
/home/adam/Desktop/betzalel_personal/keras-retinanet/data/araplus/raw_data/16-06-2020 130314.jpg,400,12,447,131,p0
/home/adam/Desktop/betzalel_personal/keras-retinanet/data/araplus/raw_data/16-06-2020 130314.jpg,497,22,524,124,p0
/home/adam/Desktop/betzalel_personal/keras-retinanet/data/araplus/raw_data/16-06-2020 130314.jpg,85,34,146,121,p0
/home/adam/Desktop/betzalel_personal/keras-retinanet/data/araplus/raw_data/16-06-2020 130314.jpg,9,18,72,152,p0
/home/adam/Desktop/betzalel_personal/keras-retinanet/data/araplus/raw_data/16-06-2020 130314.jpg,328,608,391,821,p0
/home/adam/Desktop/betzalel_personal/keras-retinanet/data/araplus/raw_data/16-06-2020 130314.jpg,409,611,462,796,p0
/home/adam/Desktop/betzalel_personal/keras-retinanet/data/araplus/raw_data/16-06-2020 130314.jpg,0,1138,35,1248,p0
/home/adam/Desktop/betzalel_personal/keras-retinanet/data/araplus/raw_data/16-06-2020 130314.jpg,48,1133,101,1248,p0
/home/adam/Desktop/betzalel_personal/keras-retinanet/data/araplus/raw_data/16-06-2020 130314.jpg,105,1121,149,1244,p0
/home/adam/Desktop/betzalel_personal/keras-retinanet/data/araplus/raw_data/16-06-2020 130314.jpg,142,1131,199,1238,p0
/home/adam/Desktop/betzalel_personal/keras-retinanet/data/araplus/raw_data/16-06-2020 130314.jpg,486,626,538,823,p0
/home/adam/Desktop/betzalel_personal/keras-retinanet/data/araplus/raw_data/16-06-2020 130314.jpg,552,637,604,843,p0
/home/adam/Desktop/betzalel_personal/keras-retinanet/data/araplus/raw_data/16-06-2020 130314.jpg,325,885,372,1031,p0
/home/adam/Desktop/betzalel_personal/keras-retinanet/data/araplus/raw_data/16-06-2020 130314.jpg,421,879,463,1010,p0
/home/adam/Desktop/betzalel_personal/keras-retinanet/data/araplus/raw_data/16-06-2020 130314.jpg,472,897,523,1084,p0
/home/adam/Desktop/betzalel_personal/keras-retinanet/data/araplus/raw_data/16-06-2020 130314.jpg,542,895,596,1036,p0
/home/adam/Desktop/betzalel_personal/keras-retinanet/data/araplus/raw_data/16-06-2020 130314.jpg,358,1133,411,1243,p0
/home/adam/Desktop/betzalel_personal/keras-retinanet/data/araplus/raw_data/16-06-2020 130314.jpg,418,1135,456,1240,p0
/home/adam/Desktop/betzalel_personal/keras-retinanet/data/araplus/raw_data/16-06-2020 130314.jpg,474,1141,512,1238,p0
/home/adam/Desktop/betzalel_personal/keras-retinanet/data/araplus/raw_data/16-06-2020 130314.jpg,520,1152,566,1244,p0
/home/adam/Desktop/betzalel_personal/keras-retinanet/data/araplus/raw_data/16-06-2020 130314.jpg,4,878,25,1012,p0
/home/adam/Desktop/betzalel_personal/keras-retinanet/data/araplus/raw_data/16-06-2020 130314.jpg,39,883,95,1001,p0
/home/adam/Desktop/betzalel_personal/keras-retinanet/data/araplus/raw_data/16-06-2020 130314.jpg,104,878,150,997,p0
/home/adam/Desktop/betzalel_personal/keras-retinanet/data/araplus/raw_data/16-06-2020 130440.jpg,152,258,328,883,p0
/home/adam/Desktop/betzalel_personal/keras-retinanet/data/araplus/raw_data/16-06-2020 130440.jpg,0,248,169,858,p0
/home/adam/Desktop/betzalel_personal/keras-retinanet/data/araplus/raw_data/16-06-2020 130440.jpg,365,258,552,868,p0
/home/adam/Desktop/betzalel_personal/keras-retinanet/data/araplus/raw_data/16-06-2020 130440.jpg,535,256,796,942,p0
/home/adam/Desktop/betzalel_personal/keras-retinanet/data/araplus/raw_data/16-06-2020 130440.jpg,327,1020,411,1244,p0
/home/adam/Desktop/betzalel_personal/keras-retinanet/data/araplus/raw_data/16-06-2020 130440.jpg,203,1005,318,1222,p0
/home/adam/Desktop/betzalel_personal/keras-retinanet/data/araplus/raw_data/16-06-2020 130403.jpg,2,405,237,1006,p0
/home/adam/Desktop/betzalel_personal/keras-retinanet/data/araplus/raw_data/16-06-2020 105346.jpg,585,609,736,976,p0
/home/adam/Desktop/betzalel_personal/keras-retinanet/data/araplus/raw_data/16-06-2020 105346.jpg,758,617,828,977,p0
/home/adam/Desktop/betzalel_personal/keras-retinanet/data/araplus/raw_data/16-06-2020 105346.jpg,54,636,214,1088,p0
/home/adam/Desktop/betzalel_personal/keras-retinanet/data/araplus/raw_data/16-06-2020 105346.jpg,59,17,169,436,p0
/home/adam/Desktop/betzalel_personal/keras-retinanet/data/araplus/raw_data/16-06-2020 105346.jpg,176,3,373,440,p0
/home/adam/Desktop/betzalel_personal/keras-retinanet/data/araplus/raw_data/16-06-2020 105346.jpg,273,622,462,1052,p0
/home/adam/Desktop/betzalel_personal/keras-retinanet/data/araplus/raw_data/16-06-2020 105346.jpg,443,614,563,982,p0
/home/adam/Desktop/betzalel_personal/keras-retinanet/data/araplus/raw_data/16-06-2020 105346.jpg,661,2,806,416,p0
/home/adam/Desktop/betzalel_personal/keras-retinanet/data/araplus/raw_data/16-06-2020 105346.jpg,386,4,580,420,p0
/home/adam/Desktop/betzalel_personal/keras-retinanet/data/araplus/raw_data/16-06-2020 130555.jpg,392,176,573,669,p0
/home/adam/Desktop/betzalel_personal/keras-retinanet/data/araplus/raw_data/16-06-2020 130555.jpg,572,190,765,668,p0
/home/adam/Desktop/betzalel_personal/keras-retinanet/data/araplus/raw_data/16-06-2020 130555.jpg,231,184,444,687,p0
/home/adam/Desktop/betzalel_personal/keras-retinanet/data/araplus/raw_data/16-06-2020 130555.jpg,67,196,270,709,p0
/home/adam/Desktop/betzalel_personal/keras-retinanet/data/araplus/raw_data/16-06-2020 105819.jpg,81,46,398,671,p0
/home/adam/Desktop/betzalel_personal/keras-retinanet/data/araplus/raw_data/16-06-2020 105819.jpg,0,92,105,711,p0
/home/adam/Desktop/betzalel_personal/keras-retinanet/data/araplus/raw_data/16-06-2020 105819.jpg,375,37,616,669,p0
/home/adam/Desktop/betzalel_personal/keras-retinanet/data/araplus/raw_data/16-06-2020 105819.jpg,678,37,819,639,p0
/home/adam/Desktop/betzalel_personal/keras-retinanet/data/araplus/raw_data/16-06-2020 130749.jpg,535,0,630,305,p0
/home/adam/Desktop/betzalel_personal/keras-retinanet/data/araplus/raw_data/16-06-2020 130749.jpg,462,0,536,297,p0
/home/adam/Desktop/betzalel_personal/keras-retinanet/data/araplus/raw_data/16-06-2020 130749.jpg,338,0,452,281,p0
/home/adam/Desktop/betzalel_personal/keras-retinanet/data/araplus/raw_data/16-06-2020 130749.jpg,163,0,316,256,p0
/home/adam/Desktop/betzalel_personal/keras-retinanet/data/araplus/raw_data/16-06-2020 130749.jpg,1,428,111,789,p0
/home/adam/Desktop/betzalel_personal/keras-retinanet/data/araplus/raw_data/16-06-2020 130749.jpg,96,0,175,239,p0
/home/adam/Desktop/betzalel_personal/keras-retinanet/data/araplus/raw_data/16-06-2020 105806.jpg,34,348,222,654,p0
/home/adam/Desktop/betzalel_personal/keras-retinanet/data/araplus/raw_data/16-06-2020 105806.jpg,191,324,365,649,p0
/home/adam/Desktop/betzalel_personal/keras-retinanet/data/araplus/raw_data/16-06-2020 105806.jpg,371,301,502,595,p0
/home/adam/Desktop/betzalel_personal/keras-retinanet/data/araplus/raw_data/16-06-2020 105806.jpg,515,283,637,635,p0
/home/adam/Desktop/betzalel_personal/keras-retinanet/data/araplus/raw_data/16-06-2020 130407.jpg,155,221,289,534,p0
/home/adam/Desktop/betzalel_personal/keras-retinanet/data/araplus/raw_data/16-06-2020 130407.jpg,325,328,417,485,p0
/home/adam/Desktop/betzalel_personal/keras-retinanet/data/araplus/raw_data/16-06-2020 130407.jpg,425,330,529,557,p0
/home/adam/Desktop/betzalel_personal/keras-retinanet/data/araplus/raw_data/16-06-2020 130407.jpg,520,199,626,509,p0
/home/adam/Desktop/betzalel_personal/keras-retinanet/data/araplus/raw_data/16-06-2020 130407.jpg,264,640,338,797,p0
/home/adam/Desktop/betzalel_personal/keras-retinanet/data/araplus/raw_data/16-06-2020 130407.jpg,339,627,412,789,p0
/home/adam/Desktop/betzalel_personal/keras-retinanet/data/araplus/raw_data/16-06-2020 130407.jpg,417,633,481,799,p0
/home/adam/Desktop/betzalel_personal/keras-retinanet/data/araplus/raw_data/16-06-2020 130407.jpg,488,639,557,822,p0
/home/adam/Desktop/betzalel_personal/keras-retinanet/data/araplus/raw_data/16-06-2020 130331.jpg,129,63,348,729,p0
/home/adam/Desktop/betzalel_personal/keras-retinanet/data/araplus/raw_data/16-06-2020 130331.jpg,388,45,560,655,p0
/home/adam/Desktop/betzalel_personal/keras-retinanet/data/araplus/raw_data/16-06-2020 130331.jpg,576,63,698,665,p0
/home/adam/Desktop/betzalel_personal/keras-retinanet/data/araplus/raw_data/16-06-2020 130331.jpg,217,903,358,1241,p0
/home/adam/Desktop/betzalel_personal/keras-retinanet/data/araplus/raw_data/16-06-2020 130331.jpg,392,903,524,1184,p0
/home/adam/Desktop/betzalel_personal/keras-retinanet/data/araplus/raw_data/16-06-2020 130331.jpg,569,980,686,1231,p0
/home/adam/Desktop/betzalel_personal/keras-retinanet/data/araplus/raw_data/16-06-2020 130331.jpg,747,1027,811,1248,p0
/home/adam/Desktop/betzalel_personal/keras-retinanet/data/araplus/raw_data/16-06-2020 105544.jpg,74,52,480,971,p0
/home/adam/Desktop/betzalel_personal/keras-retinanet/data/araplus/raw_data/16-06-2020 105802.jpg,157,7,309,276,p0
/home/adam/Desktop/betzalel_personal/keras-retinanet/data/araplus/raw_data/16-06-2020 105802.jpg,287,8,432,274,p0
/home/adam/Desktop/betzalel_personal/keras-retinanet/data/araplus/raw_data/16-06-2020 105802.jpg,34,8,109,273,p0
/home/adam/Desktop/betzalel_personal/keras-retinanet/data/araplus/raw_data/16-06-2020 105802.jpg,0,403,64,679,p0
/home/adam/Desktop/betzalel_personal/keras-retinanet/data/araplus/raw_data/16-06-2020 105802.jpg,95,400,158,684,p0
/home/adam/Desktop/betzalel_personal/keras-retinanet/data/araplus/raw_data/16-06-2020 105802.jpg,188,401,293,645,p0
/home/adam/Desktop/betzalel_personal/keras-retinanet/data/araplus/raw_data/16-06-2020 105802.jpg,303,396,387,632,p0
/home/adam/Desktop/betzalel_personal/keras-retinanet/data/araplus/raw_data/16-06-2020 130820.jpg,162,855,336,1248,p0
/home/adam/Desktop/betzalel_personal/keras-retinanet/data/araplus/raw_data/16-06-2020 130820.jpg,356,797,509,1248,p0
/home/adam/Desktop/betzalel_personal/keras-retinanet/data/araplus/raw_data/16-06-2020 130820.jpg,35,0,249,531,p0
/home/adam/Desktop/betzalel_personal/keras-retinanet/data/araplus/raw_data/IMG_6244.jpg,814,969,1715,3180,p0
/home/adam/Desktop/betzalel_personal/keras-retinanet/data/araplus/raw_data/IMG_6244.jpg,1667,866,2410,3087,p0
/home/adam/Desktop/betzalel_personal/keras-retinanet/data/araplus/raw_data/IMG_6244.jpg,140,952,981,3092,p0
/home/adam/Desktop/betzalel_personal/keras-retinanet/data/araplus/raw_data/16-06-2020 130739.jpg,505,242,636,742,p0
/home/adam/Desktop/betzalel_personal/keras-retinanet/data/araplus/raw_data/16-06-2020 130739.jpg,633,250,783,739,p0
/home/adam/Desktop/betzalel_personal/keras-retinanet/data/araplus/raw_data/16-06-2020 130739.jpg,322,148,513,757,p0
/home/adam/Desktop/betzalel_personal/keras-retinanet/data/araplus/raw_data/16-06-2020 130739.jpg,94,143,292,783,p0
/home/adam/Desktop/betzalel_personal/keras-retinanet/data/araplus/raw_data/16-06-2020 130739.jpg,42,281,103,734,p0
/home/adam/Desktop/betzalel_personal/keras-retinanet/data/araplus/raw_data/16-06-2020 105436.jpg,441,992,577,1242,p0
/home/adam/Desktop/betzalel_personal/keras-retinanet/data/araplus/raw_data/16-06-2020 105436.jpg,601,967,753,1245,p0
/home/adam/Desktop/betzalel_personal/keras-retinanet/data/araplus/raw_data/16-06-2020 105436.jpg,621,350,800,803,p0
/home/adam/Desktop/betzalel_personal/keras-retinanet/data/araplus/raw_data/16-06-2020 105436.jpg,34,435,223,833,p0
/home/adam/Desktop/betzalel_personal/keras-retinanet/data/araplus/raw_data/16-06-2020 105436.jpg,430,340,604,803,p0
/home/adam/Desktop/betzalel_personal/keras-retinanet/data/araplus/raw_data/16-06-2020 105436.jpg,143,1022,298,1244,p0
/home/adam/Desktop/betzalel_personal/keras-retinanet/data/araplus/raw_data/16-06-2020 105436.jpg,290,1010,452,1231,p0
/home/adam/Desktop/betzalel_personal/keras-retinanet/data/araplus/raw_data/16-06-2020 105436.jpg,277,8,422,150,p0
/home/adam/Desktop/betzalel_personal/keras-retinanet/data/araplus/raw_data/16-06-2020 105436.jpg,188,355,396,861,p0
/home/adam/Desktop/betzalel_personal/keras-retinanet/data/araplus/raw_data/16-06-2020 105359.jpg,307,537,422,832,p0
/home/adam/Desktop/betzalel_personal/keras-retinanet/data/araplus/raw_data/16-06-2020 105359.jpg,443,533,553,828,p0
/home/adam/Desktop/betzalel_personal/keras-retinanet/data/araplus/raw_data/16-06-2020 105359.jpg,432,12,577,365,p0
/home/adam/Desktop/betzalel_personal/keras-retinanet/data/araplus/raw_data/16-06-2020 105359.jpg,591,534,727,914,p0
/home/adam/Desktop/betzalel_personal/keras-retinanet/data/araplus/raw_data/16-06-2020 105359.jpg,749,523,832,898,p0
/home/adam/Desktop/betzalel_personal/keras-retinanet/data/araplus/raw_data/16-06-2020 105359.jpg,594,9,741,355,p0
/home/adam/Desktop/betzalel_personal/keras-retinanet/data/araplus/raw_data/16-06-2020 105359.jpg,85,1052,168,1248,p0
/home/adam/Desktop/betzalel_personal/keras-retinanet/data/araplus/raw_data/16-06-2020 105359.jpg,198,1047,315,1248,p0
/home/adam/Desktop/betzalel_personal/keras-retinanet/data/araplus/raw_data/16-06-2020 105359.jpg,0,48,59,375,p0
/home/adam/Desktop/betzalel_personal/keras-retinanet/data/araplus/raw_data/16-06-2020 105359.jpg,315,1058,430,1232,p0
/home/adam/Desktop/betzalel_personal/keras-retinanet/data/araplus/raw_data/16-06-2020 105359.jpg,452,1047,572,1242,p0
/home/adam/Desktop/betzalel_personal/keras-retinanet/data/araplus/raw_data/16-06-2020 105359.jpg,37,542,172,873,p0
/home/adam/Desktop/betzalel_personal/keras-retinanet/data/araplus/raw_data/16-06-2020 105359.jpg,189,539,309,844,p0
/home/adam/Desktop/betzalel_personal/keras-retinanet/data/araplus/raw_data/16-06-2020 105359.jpg,238,9,407,361,p0
/home/adam/Desktop/betzalel_personal/keras-retinanet/data/araplus/raw_data/16-06-2020 105359.jpg,44,18,218,356,p0
/home/adam/Desktop/betzalel_personal/keras-retinanet/data/araplus/raw_data/16-06-2020 105359.jpg,585,1054,674,1240,p0
/home/adam/Desktop/betzalel_personal/keras-retinanet/data/araplus/raw_data/16-06-2020 105359.jpg,691,1049,790,1227,p0
/home/adam/Desktop/betzalel_personal/keras-retinanet/data/araplus/raw_data/16-06-2020 130655.jpg,624,1056,708,1244,p0
/home/adam/Desktop/betzalel_personal/keras-retinanet/data/araplus/raw_data/16-06-2020 130655.jpg,147,1091,230,1248,p0
/home/adam/Desktop/betzalel_personal/keras-retinanet/data/araplus/raw_data/16-06-2020 130655.jpg,229,1088,312,1248,p0
/home/adam/Desktop/betzalel_personal/keras-retinanet/data/araplus/raw_data/16-06-2020 130655.jpg,323,1082,406,1239,p0
/home/adam/Desktop/betzalel_personal/keras-retinanet/data/araplus/raw_data/16-06-2020 130655.jpg,349,213,469,586,p0
/home/adam/Desktop/betzalel_personal/keras-retinanet/data/araplus/raw_data/16-06-2020 130655.jpg,234,213,349,586,p0
/home/adam/Desktop/betzalel_personal/keras-retinanet/data/araplus/raw_data/16-06-2020 130655.jpg,90,673,190,948,p0
/home/adam/Desktop/betzalel_personal/keras-retinanet/data/araplus/raw_data/16-06-2020 130655.jpg,189,678,283,935,p0
/home/adam/Desktop/betzalel_personal/keras-retinanet/data/araplus/raw_data/16-06-2020 130655.jpg,280,698,381,988,p0
/home/adam/Desktop/betzalel_personal/keras-retinanet/data/araplus/raw_data/16-06-2020 130655.jpg,385,681,465,970,p0
/home/adam/Desktop/betzalel_personal/keras-retinanet/data/araplus/raw_data/16-06-2020 130655.jpg,111,209,243,606,p0
/home/adam/Desktop/betzalel_personal/keras-retinanet/data/araplus/raw_data/16-06-2020 130655.jpg,6,210,111,619,p0
/home/adam/Desktop/betzalel_personal/keras-retinanet/data/araplus/raw_data/16-06-2020 105339.jpg,445,649,499,805,p0
/home/adam/Desktop/betzalel_personal/keras-retinanet/data/araplus/raw_data/16-06-2020 105339.jpg,508,647,560,805,p0
/home/adam/Desktop/betzalel_personal/keras-retinanet/data/araplus/raw_data/16-06-2020 105339.jpg,501,248,564,360,p0
/home/adam/Desktop/betzalel_personal/keras-retinanet/data/araplus/raw_data/16-06-2020 105339.jpg,512,432,573,594,p0
/home/adam/Desktop/betzalel_personal/keras-retinanet/data/araplus/raw_data/16-06-2020 105339.jpg,586,659,637,822,p0
/home/adam/Desktop/betzalel_personal/keras-retinanet/data/araplus/raw_data/16-06-2020 105339.jpg,636,641,704,813,p0
/home/adam/Desktop/betzalel_personal/keras-retinanet/data/araplus/raw_data/16-06-2020 105339.jpg,167,656,228,823,p0
/home/adam/Desktop/betzalel_personal/keras-retinanet/data/araplus/raw_data/16-06-2020 105339.jpg,242,664,303,821,p0
/home/adam/Desktop/betzalel_personal/keras-retinanet/data/araplus/raw_data/16-06-2020 105339.jpg,159,436,221,592,p0
/home/adam/Desktop/betzalel_personal/keras-retinanet/data/araplus/raw_data/16-06-2020 105339.jpg,171,212,236,356,p0
/home/adam/Desktop/betzalel_personal/keras-retinanet/data/araplus/raw_data/16-06-2020 105339.jpg,181,895,232,1043,p0
/home/adam/Desktop/betzalel_personal/keras-retinanet/data/araplus/raw_data/16-06-2020 105339.jpg,283,897,329,1044,p0
/home/adam/Desktop/betzalel_personal/keras-retinanet/data/araplus/raw_data/16-06-2020 105339.jpg,263,241,328,360,p0
/home/adam/Desktop/betzalel_personal/keras-retinanet/data/araplus/raw_data/16-06-2020 105339.jpg,243,446,296,587,p0
/home/adam/Desktop/betzalel_personal/keras-retinanet/data/araplus/raw_data/16-06-2020 105339.jpg,573,238,624,371,p0
/home/adam/Desktop/betzalel_personal/keras-retinanet/data/araplus/raw_data/16-06-2020 105339.jpg,576,425,639,595,p0
/home/adam/Desktop/betzalel_personal/keras-retinanet/data/araplus/raw_data/16-06-2020 105339.jpg,323,888,387,1032,p0
/home/adam/Desktop/betzalel_personal/keras-retinanet/data/araplus/raw_data/16-06-2020 105339.jpg,377,900,445,1038,p0
/home/adam/Desktop/betzalel_personal/keras-retinanet/data/araplus/raw_data/16-06-2020 105339.jpg,324,241,397,368,p0
/home/adam/Desktop/betzalel_personal/keras-retinanet/data/araplus/raw_data/16-06-2020 105339.jpg,290,456,373,590,p0
/home/adam/Desktop/betzalel_personal/keras-retinanet/data/araplus/raw_data/16-06-2020 105339.jpg,450,879,508,1010,p0
/home/adam/Desktop/betzalel_personal/keras-retinanet/data/araplus/raw_data/16-06-2020 105339.jpg,497,888,555,1011,p0
/home/adam/Desktop/betzalel_personal/keras-retinanet/data/araplus/raw_data/16-06-2020 105339.jpg,298,654,377,813,p0
/home/adam/Desktop/betzalel_personal/keras-retinanet/data/araplus/raw_data/16-06-2020 105339.jpg,375,654,433,798,p0
/home/adam/Desktop/betzalel_personal/keras-retinanet/data/araplus/raw_data/16-06-2020 105339.jpg,433,431,503,595,p0
/home/adam/Desktop/betzalel_personal/keras-retinanet/data/araplus/raw_data/16-06-2020 105339.jpg,391,206,452,346,p0
/home/adam/Desktop/betzalel_personal/keras-retinanet/data/araplus/raw_data/16-06-2020 105339.jpg,354,439,437,594,p0
/home/adam/Desktop/betzalel_personal/keras-retinanet/data/araplus/raw_data/16-06-2020 105339.jpg,552,874,620,1015,p0
/home/adam/Desktop/betzalel_personal/keras-retinanet/data/araplus/raw_data/16-06-2020 105339.jpg,621,883,686,1025,p0
/home/adam/Desktop/betzalel_personal/keras-retinanet/data/araplus/raw_data/16-06-2020 130626.jpg,323,464,500,971,p0
/home/adam/Desktop/betzalel_personal/keras-retinanet/data/araplus/raw_data/16-06-2020 130626.jpg,530,493,669,878,p0
/home/adam/Desktop/betzalel_personal/keras-retinanet/data/araplus/raw_data/16-06-2020 130626.jpg,715,476,832,959,p0
/home/adam/Desktop/betzalel_personal/keras-retinanet/data/araplus/raw_data/IMG_6216.jpg,2278,449,2937,2399,p0
/home/adam/Desktop/betzalel_personal/keras-retinanet/data/araplus/raw_data/IMG_6216.jpg,1499,350,2105,2232,p0
/home/adam/Desktop/betzalel_personal/keras-retinanet/data/araplus/raw_data/IMG_6216.jpg,851,304,1471,2262,p0
/home/adam/Desktop/betzalel_personal/keras-retinanet/data/araplus/raw_data/IMG_6216.jpg,157,269,750,2189,p0
/home/adam/Desktop/betzalel_personal/keras-retinanet/data/araplus/raw_data/IMG_6216.jpg,582,3146,1081,4015,p0
/home/adam/Desktop/betzalel_personal/keras-retinanet/data/araplus/raw_data/IMG_6216.jpg,1113,2789,1605,4032,p0
/home/adam/Desktop/betzalel_personal/keras-retinanet/data/araplus/raw_data/IMG_6216.jpg,1634,2776,2106,4032,p0
/home/adam/Desktop/betzalel_personal/keras-retinanet/data/araplus/raw_data/IMG_6216.jpg,2133,2679,2551,3973,p0
/home/adam/Desktop/betzalel_personal/keras-retinanet/data/araplus/raw_data/16-06-2020 105406.jpg,69,445,209,743,p0
/home/adam/Desktop/betzalel_personal/keras-retinanet/data/araplus/raw_data/16-06-2020 105406.jpg,227,440,358,752,p0
/home/adam/Desktop/betzalel_personal/keras-retinanet/data/araplus/raw_data/16-06-2020 105406.jpg,153,7,318,254,p0
/home/adam/Desktop/betzalel_personal/keras-retinanet/data/araplus/raw_data/16-06-2020 105406.jpg,348,425,505,799,p0
/home/adam/Desktop/betzalel_personal/keras-retinanet/data/araplus/raw_data/16-06-2020 105406.jpg,489,432,636,771,p0
/home/adam/Desktop/betzalel_personal/keras-retinanet/data/araplus/raw_data/16-06-2020 105406.jpg,340,2,472,253,p0
/home/adam/Desktop/betzalel_personal/keras-retinanet/data/araplus/raw_data/16-06-2020 105406.jpg,8,964,121,1211,p0
/home/adam/Desktop/betzalel_personal/keras-retinanet/data/araplus/raw_data/16-06-2020 105406.jpg,129,957,256,1137,p0
/home/adam/Desktop/betzalel_personal/keras-retinanet/data/araplus/raw_data/16-06-2020 105406.jpg,241,934,367,1108,p0
/home/adam/Desktop/betzalel_personal/keras-retinanet/data/araplus/raw_data/16-06-2020 105406.jpg,13,455,74,749,p0
/home/adam/Desktop/betzalel_personal/keras-retinanet/data/araplus/raw_data/16-06-2020 105406.jpg,4,2,109,259,p0
/home/adam/Desktop/betzalel_personal/keras-retinanet/data/araplus/raw_data/16-06-2020 105406.jpg,369,917,474,1112,p0
/home/adam/Desktop/betzalel_personal/keras-retinanet/data/araplus/raw_data/16-06-2020 105406.jpg,494,910,602,1090,p0
/home/adam/Desktop/betzalel_personal/keras-retinanet/data/araplus/raw_data/16-06-2020 130329.jpg,260,604,339,822,p0
/home/adam/Desktop/betzalel_personal/keras-retinanet/data/araplus/raw_data/16-06-2020 130329.jpg,338,594,412,804,p0
/home/adam/Desktop/betzalel_personal/keras-retinanet/data/araplus/raw_data/16-06-2020 130329.jpg,4,619,60,840,p0
/home/adam/Desktop/betzalel_personal/keras-retinanet/data/araplus/raw_data/16-06-2020 130329.jpg,19,952,32,1149,p0
/home/adam/Desktop/betzalel_personal/keras-retinanet/data/araplus/raw_data/16-06-2020 130329.jpg,44,945,109,1142,p0
/home/adam/Desktop/betzalel_personal/keras-retinanet/data/araplus/raw_data/16-06-2020 130329.jpg,402,592,467,792,p0
/home/adam/Desktop/betzalel_personal/keras-retinanet/data/araplus/raw_data/16-06-2020 130329.jpg,467,577,535,794,p0
/home/adam/Desktop/betzalel_personal/keras-retinanet/data/araplus/raw_data/16-06-2020 130329.jpg,457,291,513,471,p0
/home/adam/Desktop/betzalel_personal/keras-retinanet/data/araplus/raw_data/16-06-2020 130329.jpg,235,275,308,492,p0
/home/adam/Desktop/betzalel_personal/keras-retinanet/data/araplus/raw_data/16-06-2020 130329.jpg,323,271,397,488,p0
/home/adam/Desktop/betzalel_personal/keras-retinanet/data/araplus/raw_data/16-06-2020 130329.jpg,385,281,453,492,p0
/home/adam/Desktop/betzalel_personal/keras-retinanet/data/araplus/raw_data/16-06-2020 130329.jpg,34,311,92,511,p0
/home/adam/Desktop/betzalel_personal/keras-retinanet/data/araplus/raw_data/16-06-2020 130329.jpg,283,928,371,1152,p0
/home/adam/Desktop/betzalel_personal/keras-retinanet/data/araplus/raw_data/16-06-2020 130329.jpg,343,917,417,1112,p0
/home/adam/Desktop/betzalel_personal/keras-retinanet/data/araplus/raw_data/16-06-2020 130329.jpg,428,935,508,1156,p0
/home/adam/Desktop/betzalel_personal/keras-retinanet/data/araplus/raw_data/16-06-2020 130329.jpg,502,910,572,1137,p0
/home/adam/Desktop/betzalel_personal/keras-retinanet/data/araplus/raw_data/16-06-2020 130329.jpg,639,2,686,129,p0
/home/adam/Desktop/betzalel_personal/keras-retinanet/data/araplus/raw_data/16-06-2020 130329.jpg,693,0,746,130,p0
/home/adam/Desktop/betzalel_personal/keras-retinanet/data/araplus/raw_data/16-06-2020 130329.jpg,338,0,412,155,p0
/home/adam/Desktop/betzalel_personal/keras-retinanet/data/araplus/raw_data/16-06-2020 130329.jpg,490,0,528,140,p0
/home/adam/Desktop/betzalel_personal/keras-retinanet/data/araplus/raw_data/16-06-2020 130329.jpg,554,1,607,135,p0
/home/adam/Desktop/betzalel_personal/keras-retinanet/data/araplus/raw_data/16-06-2020 130329.jpg,52,28,120,161,p0
/home/adam/Desktop/betzalel_personal/keras-retinanet/data/araplus/raw_data/16-06-2020 130329.jpg,432,12,469,160,p0
/home/adam/Desktop/betzalel_personal/keras-retinanet/data/araplus/raw_data/IMG_6246.jpg,288,824,1120,3216,p0
/home/adam/Desktop/betzalel_personal/keras-retinanet/data/araplus/raw_data/IMG_6246.jpg,1203,838,1974,3209,p0
/home/adam/Desktop/betzalel_personal/keras-retinanet/data/araplus/raw_data/IMG_6246.jpg,1980,866,2730,3152,p0
/home/adam/Desktop/betzalel_personal/keras-retinanet/data/araplus/raw_data/16-06-2020 105720.jpg,402,287,652,725,p0
/home/adam/Desktop/betzalel_personal/keras-retinanet/data/araplus/raw_data/16-06-2020 105720.jpg,635,247,800,717,p0
/home/adam/Desktop/betzalel_personal/keras-retinanet/data/araplus/raw_data/16-06-2020 105720.jpg,53,400,188,942,p0
/home/adam/Desktop/betzalel_personal/keras-retinanet/data/araplus/raw_data/16-06-2020 105720.jpg,236,370,428,854,p0
/home/adam/Desktop/betzalel_personal/keras-retinanet/data/araplus/raw_data/16-06-2020 105759.jpg,435,4,592,152,p0
/home/adam/Desktop/betzalel_personal/keras-retinanet/data/araplus/raw_data/16-06-2020 105759.jpg,596,9,738,136,p0
/home/adam/Desktop/betzalel_personal/keras-retinanet/data/araplus/raw_data/16-06-2020 105759.jpg,130,2,204,195,p0
/home/adam/Desktop/betzalel_personal/keras-retinanet/data/araplus/raw_data/16-06-2020 105759.jpg,243,0,378,172,p0
/home/adam/Desktop/betzalel_personal/keras-retinanet/data/araplus/raw_data/16-06-2020 105759.jpg,9,7,87,209,p0
/home/adam/Desktop/betzalel_personal/keras-retinanet/data/araplus/raw_data/16-06-2020 105759.jpg,166,345,333,620,p0
/home/adam/Desktop/betzalel_personal/keras-retinanet/data/araplus/raw_data/16-06-2020 105759.jpg,271,323,450,615,p0
/home/adam/Desktop/betzalel_personal/keras-retinanet/data/araplus/raw_data/16-06-2020 105759.jpg,79,323,192,697,p0
/home/adam/Desktop/betzalel_personal/keras-retinanet/data/araplus/raw_data/16-06-2020 105759.jpg,4,395,57,707,p0
/home/adam/Desktop/betzalel_personal/keras-retinanet/data/araplus/raw_data/16-06-2020 105759.jpg,427,314,522,588,p0
/home/adam/Desktop/betzalel_personal/keras-retinanet/data/araplus/raw_data/16-06-2020 105759.jpg,557,311,670,539,p0
/home/adam/Desktop/betzalel_personal/keras-retinanet/data/araplus/raw_data/16-06-2020 130604.jpg,126,296,351,735,p0
/home/adam/Desktop/betzalel_personal/keras-retinanet/data/araplus/raw_data/16-06-2020 130604.jpg,282,253,478,698,p0
/home/adam/Desktop/betzalel_personal/keras-retinanet/data/araplus/raw_data/16-06-2020 130604.jpg,446,246,615,680,p0
/home/adam/Desktop/betzalel_personal/keras-retinanet/data/araplus/raw_data/16-06-2020 130604.jpg,614,225,749,691,p0
/home/adam/Desktop/betzalel_personal/keras-retinanet/data/araplus/raw_data/16-06-2020 105534.jpg,0,57,212,899,p0
/home/adam/Desktop/betzalel_personal/keras-retinanet/data/araplus/raw_data/16-06-2020 105534.jpg,203,32,522,893,p0
/home/adam/Desktop/betzalel_personal/keras-retinanet/data/araplus/raw_data/16-06-2020 130416.jpg,260,210,427,647,p0
/home/adam/Desktop/betzalel_personal/keras-retinanet/data/araplus/raw_data/16-06-2020 130416.jpg,479,389,626,576,p0
/home/adam/Desktop/betzalel_personal/keras-retinanet/data/araplus/raw_data/16-06-2020 130416.jpg,626,391,807,695,p0
/home/adam/Desktop/betzalel_personal/keras-retinanet/data/araplus/raw_data/16-06-2020 130416.jpg,0,770,136,981,p0
/home/adam/Desktop/betzalel_personal/keras-retinanet/data/araplus/raw_data/16-06-2020 130416.jpg,468,796,569,948,p0
/home/adam/Desktop/betzalel_personal/keras-retinanet/data/araplus/raw_data/16-06-2020 130416.jpg,569,801,672,976,p0
/home/adam/Desktop/betzalel_personal/keras-retinanet/data/araplus/raw_data/16-06-2020 130416.jpg,655,801,771,1009,p0
/home/adam/Desktop/betzalel_personal/keras-retinanet/data/araplus/raw_data/16-06-2020 130819.jpg,0,12,311,739,p0
/home/adam/Desktop/betzalel_personal/keras-retinanet/data/araplus/raw_data/16-06-2020 130819.jpg,206,10,534,714,p0
/home/adam/Desktop/betzalel_personal/keras-retinanet/data/araplus/raw_data/16-06-2020 130819.jpg,255,997,474,1248,p0
/home/adam/Desktop/betzalel_personal/keras-retinanet/data/araplus/raw_data/16-06-2020 130819.jpg,72,1029,291,1248,p0
/home/adam/Desktop/betzalel_personal/keras-retinanet/data/araplus/raw_data/16-06-2020 130819.jpg,435,910,602,1248,p0
/home/adam/Desktop/betzalel_personal/keras-retinanet/data/araplus/raw_data/16-06-2020 130352.jpg,76,358,238,766,p0
/home/adam/Desktop/betzalel_personal/keras-retinanet/data/araplus/raw_data/16-06-2020 130352.jpg,238,339,351,623,p0
/home/adam/Desktop/betzalel_personal/keras-retinanet/data/araplus/raw_data/16-06-2020 130352.jpg,413,325,533,724,p0
/home/adam/Desktop/betzalel_personal/keras-retinanet/data/araplus/raw_data/16-06-2020 130352.jpg,572,333,650,748,p0
/home/adam/Desktop/betzalel_personal/keras-retinanet/data/araplus/raw_data/16-06-2020 130352.jpg,168,860,238,998,p0
/home/adam/Desktop/betzalel_personal/keras-retinanet/data/araplus/raw_data/16-06-2020 130352.jpg,408,847,488,1042,p0
/home/adam/Desktop/betzalel_personal/keras-retinanet/data/araplus/raw_data/16-06-2020 130352.jpg,522,835,564,953,p0
/home/adam/Desktop/betzalel_personal/keras-retinanet/data/araplus/raw_data/16-06-2020 130352.jpg,323,1141,384,1196,p0
/home/adam/Desktop/betzalel_personal/keras-retinanet/data/araplus/raw_data/16-06-2020 130352.jpg,409,1139,465,1211,p0
/home/adam/Desktop/betzalel_personal/keras-retinanet/data/araplus/raw_data/16-06-2020 130352.jpg,488,1136,532,1235,p0
/home/adam/Desktop/betzalel_personal/keras-retinanet/data/araplus/raw_data/16-06-2020 105748.jpg,270,17,466,140,p0
/home/adam/Desktop/betzalel_personal/keras-retinanet/data/araplus/raw_data/16-06-2020 105748.jpg,454,9,611,136,p0
/home/adam/Desktop/betzalel_personal/keras-retinanet/data/araplus/raw_data/16-06-2020 105748.jpg,7,339,179,644,p0
/home/adam/Desktop/betzalel_personal/keras-retinanet/data/araplus/raw_data/16-06-2020 105748.jpg,148,315,313,654,p0
/home/adam/Desktop/betzalel_personal/keras-retinanet/data/araplus/raw_data/16-06-2020 105748.jpg,6,9,86,114,p0
/home/adam/Desktop/betzalel_personal/keras-retinanet/data/araplus/raw_data/16-06-2020 105748.jpg,135,17,248,125,p0
/home/adam/Desktop/betzalel_personal/keras-retinanet/data/araplus/raw_data/16-06-2020 105748.jpg,303,325,411,622,p0
/home/adam/Desktop/betzalel_personal/keras-retinanet/data/araplus/raw_data/16-06-2020 105748.jpg,425,315,540,620,p0
/home/adam/Desktop/betzalel_personal/keras-retinanet/data/araplus/raw_data/16-06-2020 105402.jpg,233,528,348,831,p0
/home/adam/Desktop/betzalel_personal/keras-retinanet/data/araplus/raw_data/16-06-2020 105402.jpg,364,522,470,819,p0
/home/adam/Desktop/betzalel_personal/keras-retinanet/data/araplus/raw_data/16-06-2020 105402.jpg,323,0,473,359,p0
/home/adam/Desktop/betzalel_personal/keras-retinanet/data/araplus/raw_data/16-06-2020 105402.jpg,495,515,647,875,p0
/home/adam/Desktop/betzalel_personal/keras-retinanet/data/araplus/raw_data/16-06-2020 105402.jpg,660,515,785,868,p0
/home/adam/Desktop/betzalel_personal/keras-retinanet/data/araplus/raw_data/16-06-2020 105402.jpg,505,15,657,361,p0
/home/adam/Desktop/betzalel_personal/keras-retinanet/data/araplus/raw_data/16-06-2020 105402.jpg,16,1036,119,1242,p0
/home/adam/Desktop/betzalel_personal/keras-retinanet/data/araplus/raw_data/16-06-2020 105402.jpg,134,1031,269,1248,p0
/home/adam/Desktop/betzalel_personal/keras-retinanet/data/araplus/raw_data/16-06-2020 105402.jpg,277,1037,382,1222,p0
/home/adam/Desktop/betzalel_personal/keras-retinanet/data/araplus/raw_data/16-06-2020 105402.jpg,366,1025,507,1206,p0
/home/adam/Desktop/betzalel_personal/keras-retinanet/data/araplus/raw_data/16-06-2020 105402.jpg,2,539,70,866,p0
/home/adam/Desktop/betzalel_personal/keras-retinanet/data/araplus/raw_data/16-06-2020 105402.jpg,111,537,219,826,p0
/home/adam/Desktop/betzalel_personal/keras-retinanet/data/araplus/raw_data/16-06-2020 105402.jpg,149,15,311,359,p0
/home/adam/Desktop/betzalel_personal/keras-retinanet/data/araplus/raw_data/16-06-2020 105402.jpg,0,13,116,391,p0
/home/adam/Desktop/betzalel_personal/keras-retinanet/data/araplus/raw_data/16-06-2020 105402.jpg,510,1022,600,1196,p0
/home/adam/Desktop/betzalel_personal/keras-retinanet/data/araplus/raw_data/16-06-2020 105402.jpg,614,1018,727,1192,p0
/home/adam/Desktop/betzalel_personal/keras-retinanet/data/araplus/raw_data/16-06-2020 130811.jpg,664,708,791,1027,p0
/home/adam/Desktop/betzalel_personal/keras-retinanet/data/araplus/raw_data/16-06-2020 130811.jpg,790,688,832,939,p0
/home/adam/Desktop/betzalel_personal/keras-retinanet/data/araplus/raw_data/16-06-2020 130811.jpg,34,39,270,540,p0
/home/adam/Desktop/betzalel_personal/keras-retinanet/data/araplus/raw_data/16-06-2020 130811.jpg,0,58,140,525,p0
/home/adam/Desktop/betzalel_personal/keras-retinanet/data/araplus/raw_data/16-06-2020 130811.jpg,110,702,272,1004,p0
/home/adam/Desktop/betzalel_personal/keras-retinanet/data/araplus/raw_data/16-06-2020 130811.jpg,26,673,163,949,p0
/home/adam/Desktop/betzalel_personal/keras-retinanet/data/araplus/raw_data/16-06-2020 130811.jpg,234,677,366,987,p0
/home/adam/Desktop/betzalel_personal/keras-retinanet/data/araplus/raw_data/16-06-2020 130811.jpg,642,0,794,476,p0
/home/adam/Desktop/betzalel_personal/keras-retinanet/data/araplus/raw_data/16-06-2020 105348.jpg,624,639,786,1017,p0
/home/adam/Desktop/betzalel_personal/keras-retinanet/data/araplus/raw_data/16-06-2020 105348.jpg,86,662,284,1068,p0
/home/adam/Desktop/betzalel_personal/keras-retinanet/data/araplus/raw_data/16-06-2020 105348.jpg,117,51,249,470,p0
/home/adam/Desktop/betzalel_personal/keras-retinanet/data/araplus/raw_data/16-06-2020 105348.jpg,243,37,403,452,p0
/home/adam/Desktop/betzalel_personal/keras-retinanet/data/araplus/raw_data/16-06-2020 105348.jpg,492,642,622,1026,p0
/home/adam/Desktop/betzalel_personal/keras-retinanet/data/araplus/raw_data/16-06-2020 105348.jpg,323,644,512,1050,p0
/home/adam/Desktop/betzalel_personal/keras-retinanet/data/araplus/raw_data/16-06-2020 105348.jpg,696,10,826,458,p0
/home/adam/Desktop/betzalel_personal/keras-retinanet/data/araplus/raw_data/16-06-2020 105348.jpg,446,14,629,460,p0
/home/adam/Desktop/betzalel_personal/keras-retinanet/data/araplus/raw_data/16-06-2020 105739.jpg,27,221,167,657,p0
/home/adam/Desktop/betzalel_personal/keras-retinanet/data/araplus/raw_data/16-06-2020 105739.jpg,166,206,338,654,p0
/home/adam/Desktop/betzalel_personal/keras-retinanet/data/araplus/raw_data/16-06-2020 105739.jpg,377,226,529,649,p0
/home/adam/Desktop/betzalel_personal/keras-retinanet/data/araplus/raw_data/IMG_6227.jpg,1582,544,2589,3363,p0
/home/adam/Desktop/betzalel_personal/keras-retinanet/data/araplus/raw_data/IMG_6227.jpg,602,600,1561,3363,p0
/home/adam/Desktop/betzalel_personal/keras-retinanet/data/araplus/raw_data/IMG_6227.jpg,0,390,653,3131,p0
/home/adam/Desktop/betzalel_personal/keras-retinanet/data/araplus/raw_data/16-06-2020 130444.jpg,555,261,702,713,p0
/home/adam/Desktop/betzalel_personal/keras-retinanet/data/araplus/raw_data/16-06-2020 130444.jpg,59,272,240,774,p0
/home/adam/Desktop/betzalel_personal/keras-retinanet/data/araplus/raw_data/16-06-2020 130444.jpg,210,263,384,768,p0
/home/adam/Desktop/betzalel_personal/keras-retinanet/data/araplus/raw_data/16-06-2020 130444.jpg,373,219,560,748,p0
/home/adam/Desktop/betzalel_personal/keras-retinanet/data/araplus/raw_data/16-06-2020 105545.jpg,160,37,519,739,p0
/home/adam/Desktop/betzalel_personal/keras-retinanet/data/araplus/raw_data/IMG_6233.jpg,599,2071,1027,3435,p0
/home/adam/Desktop/betzalel_personal/keras-retinanet/data/araplus/raw_data/IMG_6233.jpg,985,2112,1466,3518,p0
/home/adam/Desktop/betzalel_personal/keras-retinanet/data/araplus/raw_data/IMG_6233.jpg,1470,2142,1959,3608,p0
/home/adam/Desktop/betzalel_personal/keras-retinanet/data/araplus/raw_data/IMG_6233.jpg,1945,2122,2342,3516,p0
/home/adam/Desktop/betzalel_personal/keras-retinanet/data/araplus/raw_data/IMG_6233.jpg,1881,0,2405,1493,p0
/home/adam/Desktop/betzalel_personal/keras-retinanet/data/araplus/raw_data/IMG_6233.jpg,695,95,1036,1465,p0
/home/adam/Desktop/betzalel_personal/keras-retinanet/data/araplus/raw_data/IMG_6233.jpg,1003,51,1442,1456,p0
/home/adam/Desktop/betzalel_personal/keras-retinanet/data/araplus/raw_data/IMG_6233.jpg,1466,30,1932,1450,p0
/home/adam/Desktop/betzalel_personal/keras-retinanet/data/araplus/raw_data/IMG_6239.jpg,1616,2312,2200,4007,p0
/home/adam/Desktop/betzalel_personal/keras-retinanet/data/araplus/raw_data/IMG_6239.jpg,1106,2346,1696,4032,p0
/home/adam/Desktop/betzalel_personal/keras-retinanet/data/araplus/raw_data/IMG_6239.jpg,1246,0,1912,1524,p0
/home/adam/Desktop/betzalel_personal/keras-retinanet/data/araplus/raw_data/IMG_6239.jpg,602,0,1295,1537,p0
/home/adam/Desktop/betzalel_personal/keras-retinanet/data/araplus/raw_data/IMG_6239.jpg,0,0,492,1572,p0
/home/adam/Desktop/betzalel_personal/keras-retinanet/data/araplus/raw_data/IMG_6239.jpg,1,2369,541,4032,p0
/home/adam/Desktop/betzalel_personal/keras-retinanet/data/araplus/raw_data/IMG_6239.jpg,553,2347,1106,4032,p0
/home/adam/Desktop/betzalel_personal/keras-retinanet/data/araplus/raw_data/IMG_6239.jpg,1862,12,2561,1495,p0
/home/adam/Desktop/betzalel_personal/keras-retinanet/data/araplus/raw_data/IMG_6239.jpg,2505,0,3024,1460,p0
/home/adam/Desktop/betzalel_personal/keras-retinanet/data/araplus/raw_data/16-06-2020 105341.jpg,532,563,606,796,p0
/home/adam/Desktop/betzalel_personal/keras-retinanet/data/araplus/raw_data/16-06-2020 105341.jpg,621,564,706,791,p0
/home/adam/Desktop/betzalel_personal/keras-retinanet/data/araplus/raw_data/16-06-2020 105341.jpg,652,186,742,445,p0
/home/adam/Desktop/betzalel_personal/keras-retinanet/data/araplus/raw_data/16-06-2020 105341.jpg,756,564,824,816,p0
/home/adam/Desktop/betzalel_personal/keras-retinanet/data/araplus/raw_data/16-06-2020 105341.jpg,107,599,207,849,p0
/home/adam/Desktop/betzalel_personal/keras-retinanet/data/araplus/raw_data/16-06-2020 105341.jpg,233,578,323,822,p0
/home/adam/Desktop/betzalel_personal/keras-retinanet/data/araplus/raw_data/16-06-2020 105341.jpg,84,0,172,79,p0
/home/adam/Desktop/betzalel_personal/keras-retinanet/data/araplus/raw_data/16-06-2020 105341.jpg,71,209,159,491,p0
/home/adam/Desktop/betzalel_personal/keras-retinanet/data/araplus/raw_data/16-06-2020 105341.jpg,149,920,254,1162,p0
/home/adam/Desktop/betzalel_personal/keras-retinanet/data/araplus/raw_data/16-06-2020 105341.jpg,288,935,408,1145,p0
/home/adam/Desktop/betzalel_personal/keras-retinanet/data/araplus/raw_data/16-06-2020 105341.jpg,243,0,321,78,p0
/home/adam/Desktop/betzalel_personal/keras-retinanet/data/araplus/raw_data/16-06-2020 105341.jpg,206,236,304,495,p0
/home/adam/Desktop/betzalel_personal/keras-retinanet/data/araplus/raw_data/16-06-2020 105341.jpg,768,177,826,443,p0
/home/adam/Desktop/betzalel_personal/keras-retinanet/data/araplus/raw_data/16-06-2020 105341.jpg,716,0,815,53,p0
/home/adam/Desktop/betzalel_personal/keras-retinanet/data/araplus/raw_data/16-06-2020 105341.jpg,609,2,703,67,p0
/home/adam/Desktop/betzalel_personal/keras-retinanet/data/araplus/raw_data/16-06-2020 105341.jpg,377,932,456,1127,p0
/home/adam/Desktop/betzalel_personal/keras-retinanet/data/araplus/raw_data/16-06-2020 105341.jpg,447,933,542,1129,p0
/home/adam/Desktop/betzalel_personal/keras-retinanet/data/araplus/raw_data/16-06-2020 105341.jpg,313,267,412,481,p0
/home/adam/Desktop/betzalel_personal/keras-retinanet/data/araplus/raw_data/16-06-2020 105341.jpg,542,920,625,1094,p0
/home/adam/Desktop/betzalel_personal/keras-retinanet/data/araplus/raw_data/16-06-2020 105341.jpg,636,915,716,1073,p0
/home/adam/Desktop/betzalel_personal/keras-retinanet/data/araplus/raw_data/16-06-2020 105341.jpg,335,568,457,804,p0
/home/adam/Desktop/betzalel_personal/keras-retinanet/data/araplus/raw_data/16-06-2020 105341.jpg,435,577,523,794,p0
/home/adam/Desktop/betzalel_personal/keras-retinanet/data/araplus/raw_data/16-06-2020 105341.jpg,529,185,637,442,p0
/home/adam/Desktop/betzalel_personal/keras-retinanet/data/araplus/raw_data/16-06-2020 105341.jpg,397,211,492,470,p0
/home/adam/Desktop/betzalel_personal/keras-retinanet/data/araplus/raw_data/16-06-2020 105341.jpg,447,7,522,45,p0
/home/adam/Desktop/betzalel_personal/keras-retinanet/data/araplus/raw_data/16-06-2020 105341.jpg,721,918,809,1088,p0
/home/adam/Desktop/betzalel_personal/keras-retinanet/data/araplus/raw_data/16-06-2020 105828.jpg,611,646,691,843,p0
/home/adam/Desktop/betzalel_personal/keras-retinanet/data/araplus/raw_data/16-06-2020 105828.jpg,706,645,784,849,p0
/home/adam/Desktop/betzalel_personal/keras-retinanet/data/araplus/raw_data/16-06-2020 105828.jpg,539,359,604,562,p0
/home/adam/Desktop/betzalel_personal/keras-retinanet/data/araplus/raw_data/16-06-2020 105828.jpg,536,144,599,277,p0
/home/adam/Desktop/betzalel_personal/keras-retinanet/data/araplus/raw_data/16-06-2020 105828.jpg,537,640,586,801,p0
/home/adam/Desktop/betzalel_personal/keras-retinanet/data/araplus/raw_data/16-06-2020 105828.jpg,457,639,504,813,p0
/home/adam/Desktop/betzalel_personal/keras-retinanet/data/araplus/raw_data/16-06-2020 105828.jpg,310,643,378,828,p0
/home/adam/Desktop/betzalel_personal/keras-retinanet/data/araplus/raw_data/16-06-2020 105828.jpg,385,631,448,817,p0
/home/adam/Desktop/betzalel_personal/keras-retinanet/data/araplus/raw_data/16-06-2020 105828.jpg,397,84,477,269,p0
/home/adam/Desktop/betzalel_personal/keras-retinanet/data/araplus/raw_data/16-06-2020 105828.jpg,354,369,437,554,p0
/home/adam/Desktop/betzalel_personal/keras-retinanet/data/araplus/raw_data/16-06-2020 105828.jpg,452,903,527,1105,p0
/home/adam/Desktop/betzalel_personal/keras-retinanet/data/araplus/raw_data/16-06-2020 105828.jpg,524,918,604,1075,p0
/home/adam/Desktop/betzalel_personal/keras-retinanet/data/araplus/raw_data/16-06-2020 105828.jpg,457,355,510,563,p0
/home/adam/Desktop/betzalel_personal/keras-retinanet/data/araplus/raw_data/16-06-2020 105828.jpg,283,911,372,1085,p0
/home/adam/Desktop/betzalel_personal/keras-retinanet/data/araplus/raw_data/16-06-2020 105828.jpg,367,908,461,1097,p0
/home/adam/Desktop/betzalel_personal/keras-retinanet/data/araplus/raw_data/16-06-2020 105828.jpg,275,385,359,552,p0
/home/adam/Desktop/betzalel_personal/keras-retinanet/data/araplus/raw_data/16-06-2020 105828.jpg,322,164,385,272,p0
/home/adam/Desktop/betzalel_personal/keras-retinanet/data/araplus/raw_data/16-06-2020 105828.jpg,114,627,193,839,p0
/home/adam/Desktop/betzalel_personal/keras-retinanet/data/araplus/raw_data/16-06-2020 105828.jpg,201,634,284,823,p0
/home/adam/Desktop/betzalel_personal/keras-retinanet/data/araplus/raw_data/16-06-2020 105828.jpg,144,101,193,278,p0
/home/adam/Desktop/betzalel_personal/keras-retinanet/data/araplus/raw_data/16-06-2020 105828.jpg,94,355,183,544,p0
/home/adam/Desktop/betzalel_personal/keras-retinanet/data/araplus/raw_data/16-06-2020 105828.jpg,109,904,183,1108,p0
/home/adam/Desktop/betzalel_personal/keras-retinanet/data/araplus/raw_data/16-06-2020 105828.jpg,208,907,259,1094,p0
/home/adam/Desktop/betzalel_personal/keras-retinanet/data/araplus/raw_data/16-06-2020 105828.jpg,246,149,300,272,p0
/home/adam/Desktop/betzalel_personal/keras-retinanet/data/araplus/raw_data/16-06-2020 105828.jpg,218,383,264,545,p0
/home/adam/Desktop/betzalel_personal/keras-retinanet/data/araplus/raw_data/16-06-2020 105828.jpg,610,905,671,1062,p0
/home/adam/Desktop/betzalel_personal/keras-retinanet/data/araplus/raw_data/16-06-2020 105828.jpg,687,933,738,1067,p0
/home/adam/Desktop/betzalel_personal/keras-retinanet/data/araplus/raw_data/16-06-2020 105828.jpg,624,156,683,268,p0
/home/adam/Desktop/betzalel_personal/keras-retinanet/data/araplus/raw_data/16-06-2020 105828.jpg,634,349,681,555,p0
/home/adam/Desktop/betzalel_personal/keras-retinanet/data/araplus/raw_data/16-06-2020 105649.jpg,664,724,809,988,p0
/home/adam/Desktop/betzalel_personal/keras-retinanet/data/araplus/raw_data/16-06-2020 105649.jpg,477,733,594,1022,p0
/home/adam/Desktop/betzalel_personal/keras-retinanet/data/araplus/raw_data/16-06-2020 105649.jpg,581,728,676,987,p0
/home/adam/Desktop/betzalel_personal/keras-retinanet/data/araplus/raw_data/16-06-2020 105649.jpg,537,286,677,599,p0
/home/adam/Desktop/betzalel_personal/keras-retinanet/data/araplus/raw_data/16-06-2020 105649.jpg,567,7,678,130,p0
/home/adam/Desktop/betzalel_personal/keras-retinanet/data/araplus/raw_data/16-06-2020 105649.jpg,718,271,816,598,p0
/home/adam/Desktop/betzalel_personal/keras-retinanet/data/araplus/raw_data/16-06-2020 105649.jpg,397,325,512,624,p0
/home/adam/Desktop/betzalel_personal/keras-retinanet/data/araplus/raw_data/16-06-2020 105649.jpg,181,796,328,1098,p0
/home/adam/Desktop/betzalel_personal/keras-retinanet/data/araplus/raw_data/16-06-2020 105649.jpg,319,758,461,1025,p0
/home/adam/Desktop/betzalel_personal/keras-retinanet/data/araplus/raw_data/16-06-2020 105649.jpg,124,310,259,629,p0
/home/adam/Desktop/betzalel_personal/keras-retinanet/data/araplus/raw_data/16-06-2020 105649.jpg,155,7,281,155,p0
/home/adam/Desktop/betzalel_personal/keras-retinanet/data/araplus/raw_data/16-06-2020 105649.jpg,318,2,396,129,p0
/home/adam/Desktop/betzalel_personal/keras-retinanet/data/araplus/raw_data/16-06-2020 105649.jpg,307,328,390,630,p0
/home/adam/Desktop/betzalel_personal/keras-retinanet/data/araplus/raw_data/16-06-2020 105649.jpg,751,7,820,109,p0
/home/adam/Desktop/betzalel_personal/keras-retinanet/data/araplus/raw_data/16-06-2020 105622.jpg,651,375,818,739,p0
/home/adam/Desktop/betzalel_personal/keras-retinanet/data/araplus/raw_data/16-06-2020 105622.jpg,38,410,203,763,p0
/home/adam/Desktop/betzalel_personal/keras-retinanet/data/araplus/raw_data/16-06-2020 105622.jpg,7,967,129,1248,p0
/home/adam/Desktop/betzalel_personal/keras-retinanet/data/araplus/raw_data/16-06-2020 105622.jpg,214,425,356,774,p0
/home/adam/Desktop/betzalel_personal/keras-retinanet/data/araplus/raw_data/16-06-2020 105622.jpg,143,957,298,1237,p0
/home/adam/Desktop/betzalel_personal/keras-retinanet/data/araplus/raw_data/16-06-2020 105622.jpg,392,301,586,731,p0
/home/adam/Desktop/betzalel_personal/keras-retinanet/data/araplus/raw_data/16-06-2020 130529.jpg,501,194,709,774,p0
/home/adam/Desktop/betzalel_personal/keras-retinanet/data/araplus/raw_data/16-06-2020 130529.jpg,319,202,503,748,p0
/home/adam/Desktop/betzalel_personal/keras-retinanet/data/araplus/raw_data/16-06-2020 130529.jpg,405,936,542,1248,p0
/home/adam/Desktop/betzalel_personal/keras-retinanet/data/araplus/raw_data/16-06-2020 130529.jpg,547,914,679,1248,p0
/home/adam/Desktop/betzalel_personal/keras-retinanet/data/araplus/raw_data/16-06-2020 130529.jpg,289,899,406,1151,p0
/home/adam/Desktop/betzalel_personal/keras-retinanet/data/araplus/raw_data/16-06-2020 130529.jpg,168,891,298,1121,p0
/home/adam/Desktop/betzalel_personal/keras-retinanet/data/araplus/raw_data/16-06-2020 130529.jpg,126,196,322,787,p0
/home/adam/Desktop/betzalel_personal/keras-retinanet/data/araplus/raw_data/16-06-2020 130529.jpg,0,211,169,789,p0
/home/adam/Desktop/betzalel_personal/keras-retinanet/data/araplus/raw_data/16-06-2020 105344.jpg,96,669,325,1145,p0
/home/adam/Desktop/betzalel_personal/keras-retinanet/data/araplus/raw_data/16-06-2020 105344.jpg,312,631,489,1053,p0
/home/adam/Desktop/betzalel_personal/keras-retinanet/data/araplus/raw_data/16-06-2020 105344.jpg,54,17,252,436,p0
/home/adam/Desktop/betzalel_personal/keras-retinanet/data/araplus/raw_data/16-06-2020 105344.jpg,353,17,478,432,p0
/home/adam/Desktop/betzalel_personal/keras-retinanet/data/araplus/raw_data/16-06-2020 105344.jpg,502,7,681,437,p0
/home/adam/Desktop/betzalel_personal/keras-retinanet/data/araplus/raw_data/16-06-2020 105344.jpg,552,641,734,1083,p0
/home/adam/Desktop/betzalel_personal/keras-retinanet/data/araplus/raw_data/16-06-2020 105344.jpg,711,660,826,995,p0
/home/adam/Desktop/betzalel_personal/keras-retinanet/data/araplus/raw_data/16-06-2020 105344.jpg,716,7,831,421,p0
/home/adam/Desktop/betzalel_personal/keras-retinanet/data/araplus/raw_data/16-06-2020 105822.jpg,14,328,94,904,p0
/home/adam/Desktop/betzalel_personal/keras-retinanet/data/araplus/raw_data/16-06-2020 105822.jpg,144,334,351,873,p0
/home/adam/Desktop/betzalel_personal/keras-retinanet/data/araplus/raw_data/16-06-2020 105822.jpg,376,281,602,900,p0
/home/adam/Desktop/betzalel_personal/keras-retinanet/data/araplus/raw_data/16-06-2020 105822.jpg,661,325,808,826,p0
/home/adam/Desktop/betzalel_personal/keras-retinanet/data/araplus/raw_data/16-06-2020 130326.jpg,277,353,392,725,p0
/home/adam/Desktop/betzalel_personal/keras-retinanet/data/araplus/raw_data/16-06-2020 130326.jpg,408,349,518,684,p0
/home/adam/Desktop/betzalel_personal/keras-retinanet/data/araplus/raw_data/16-06-2020 130326.jpg,508,365,592,685,p0
/home/adam/Desktop/betzalel_personal/keras-retinanet/data/araplus/raw_data/16-06-2020 130326.jpg,605,351,718,695,p0
/home/adam/Desktop/betzalel_personal/keras-retinanet/data/araplus/raw_data/16-06-2020 130326.jpg,645,0,719,162,p0
/home/adam/Desktop/betzalel_personal/keras-retinanet/data/araplus/raw_data/16-06-2020 130326.jpg,305,13,385,185,p0
/home/adam/Desktop/betzalel_personal/keras-retinanet/data/araplus/raw_data/16-06-2020 130326.jpg,405,17,508,176,p0
/home/adam/Desktop/betzalel_personal/keras-retinanet/data/araplus/raw_data/16-06-2020 130326.jpg,539,14,607,162,p0
/home/adam/Desktop/betzalel_personal/keras-retinanet/data/araplus/raw_data/16-06-2020 130326.jpg,300,863,400,1118,p0
/home/adam/Desktop/betzalel_personal/keras-retinanet/data/araplus/raw_data/16-06-2020 130326.jpg,400,853,483,1082,p0
/home/adam/Desktop/betzalel_personal/keras-retinanet/data/araplus/raw_data/16-06-2020 130326.jpg,492,879,602,1134,p0
/home/adam/Desktop/betzalel_personal/keras-retinanet/data/araplus/raw_data/16-06-2020 130326.jpg,631,893,696,1197,p0
/home/adam/Desktop/betzalel_personal/keras-retinanet/data/araplus/raw_data/16-06-2020 130326.jpg,576,1146,577,1147,p0
/home/adam/Desktop/betzalel_personal/keras-retinanet/data/araplus/raw_data/16-06-2020 130326.jpg,4,1159,40,1246,p0
/home/adam/Desktop/betzalel_personal/keras-retinanet/data/araplus/raw_data/16-06-2020 130326.jpg,52,1156,101,1242,p0
/home/adam/Desktop/betzalel_personal/keras-retinanet/data/araplus/raw_data/16-06-2020 105817.jpg,9,88,87,660,p0
/home/adam/Desktop/betzalel_personal/keras-retinanet/data/araplus/raw_data/16-06-2020 105817.jpg,135,42,361,632,p0
/home/adam/Desktop/betzalel_personal/keras-retinanet/data/araplus/raw_data/16-06-2020 105817.jpg,387,34,570,549,p0
/home/adam/Desktop/betzalel_personal/keras-retinanet/data/araplus/raw_data/16-06-2020 105817.jpg,631,31,800,500,p0
/home/adam/Desktop/betzalel_personal/keras-retinanet/data/araplus/raw_data/16-06-2020 130442.jpg,4,868,151,1248,p0
/home/adam/Desktop/betzalel_personal/keras-retinanet/data/araplus/raw_data/16-06-2020 130442.jpg,329,865,495,1248,p0
/home/adam/Desktop/betzalel_personal/keras-retinanet/data/araplus/raw_data/16-06-2020 130442.jpg,586,133,732,617,p0
/home/adam/Desktop/betzalel_personal/keras-retinanet/data/araplus/raw_data/16-06-2020 130442.jpg,401,81,580,642,p0
/home/adam/Desktop/betzalel_personal/keras-retinanet/data/araplus/raw_data/16-06-2020 130442.jpg,233,110,384,639,p0
/home/adam/Desktop/betzalel_personal/keras-retinanet/data/araplus/raw_data/16-06-2020 130442.jpg,87,121,254,643,p0
/home/adam/Desktop/betzalel_personal/keras-retinanet/data/araplus/raw_data/16-06-2020 130525.jpg,410,210,587,751,p0
/home/adam/Desktop/betzalel_personal/keras-retinanet/data/araplus/raw_data/16-06-2020 130525.jpg,585,191,798,789,p0
/home/adam/Desktop/betzalel_personal/keras-retinanet/data/araplus/raw_data/16-06-2020 130525.jpg,619,921,765,1248,p0
/home/adam/Desktop/betzalel_personal/keras-retinanet/data/araplus/raw_data/16-06-2020 130525.jpg,494,937,630,1248,p0
/home/adam/Desktop/betzalel_personal/keras-retinanet/data/araplus/raw_data/16-06-2020 130525.jpg,366,896,495,1160,p0
/home/adam/Desktop/betzalel_personal/keras-retinanet/data/araplus/raw_data/16-06-2020 130525.jpg,242,902,362,1134,p0
/home/adam/Desktop/betzalel_personal/keras-retinanet/data/araplus/raw_data/16-06-2020 130525.jpg,221,213,405,791,p0
/home/adam/Desktop/betzalel_personal/keras-retinanet/data/araplus/raw_data/16-06-2020 130525.jpg,22,239,260,796,p0
/home/adam/Desktop/betzalel_personal/keras-retinanet/data/araplus/raw_data/16-06-2020 105442.jpg,439,921,584,1248,p0
/home/adam/Desktop/betzalel_personal/keras-retinanet/data/araplus/raw_data/16-06-2020 105442.jpg,606,900,747,1217,p0
/home/adam/Desktop/betzalel_personal/keras-retinanet/data/araplus/raw_data/16-06-2020 105442.jpg,631,301,781,754,p0
/home/adam/Desktop/betzalel_personal/keras-retinanet/data/araplus/raw_data/16-06-2020 105442.jpg,7,955,85,1242,p0
/home/adam/Desktop/betzalel_personal/keras-retinanet/data/araplus/raw_data/16-06-2020 105442.jpg,84,360,234,772,p0
/home/adam/Desktop/betzalel_personal/keras-retinanet/data/araplus/raw_data/16-06-2020 105442.jpg,153,923,298,1248,p0
/home/adam/Desktop/betzalel_personal/keras-retinanet/data/araplus/raw_data/16-06-2020 105442.jpg,283,925,430,1227,p0
/home/adam/Desktop/betzalel_personal/keras-retinanet/data/araplus/raw_data/16-06-2020 105442.jpg,430,273,612,743,p0
/home/adam/Desktop/betzalel_personal/keras-retinanet/data/araplus/raw_data/16-06-2020 105442.jpg,304,0,446,63,p0
/home/adam/Desktop/betzalel_personal/keras-retinanet/data/araplus/raw_data/16-06-2020 105442.jpg,196,303,398,769,p0
/home/adam/Desktop/betzalel_personal/keras-retinanet/data/araplus/raw_data/16-06-2020 105637.jpg,89,425,261,756,p0
/home/adam/Desktop/betzalel_personal/keras-retinanet/data/araplus/raw_data/16-06-2020 105637.jpg,295,422,417,743,p0
/home/adam/Desktop/betzalel_personal/keras-retinanet/data/araplus/raw_data/16-06-2020 130733.jpg,620,408,721,680,p0
/home/adam/Desktop/betzalel_personal/keras-retinanet/data/araplus/raw_data/16-06-2020 130733.jpg,552,404,632,680,p0
/home/adam/Desktop/betzalel_personal/keras-retinanet/data/araplus/raw_data/16-06-2020 130733.jpg,455,370,553,681,p0
/home/adam/Desktop/betzalel_personal/keras-retinanet/data/araplus/raw_data/16-06-2020 130733.jpg,334,374,433,713,p0
/home/adam/Desktop/betzalel_personal/keras-retinanet/data/araplus/raw_data/16-06-2020 130733.jpg,167,386,268,682,p0
/home/adam/Desktop/betzalel_personal/keras-retinanet/data/araplus/raw_data/16-06-2020 130733.jpg,200,825,296,1144,p0
/home/adam/Desktop/betzalel_personal/keras-retinanet/data/araplus/raw_data/16-06-2020 130733.jpg,100,824,200,1144,p0
/home/adam/Desktop/betzalel_personal/keras-retinanet/data/araplus/raw_data/16-06-2020 130733.jpg,0,834,93,1180,p0
/home/adam/Desktop/betzalel_personal/keras-retinanet/data/araplus/raw_data/16-06-2020 130733.jpg,280,437,341,685,p0
/home/adam/Desktop/betzalel_personal/keras-retinanet/data/araplus/raw_data/16-06-2020 105737.jpg,0,246,130,731,p0
/home/adam/Desktop/betzalel_personal/keras-retinanet/data/araplus/raw_data/16-06-2020 105737.jpg,149,251,328,717,p0
/home/adam/Desktop/betzalel_personal/keras-retinanet/data/araplus/raw_data/16-06-2020 105737.jpg,363,228,514,734,p0
/home/adam/Desktop/betzalel_personal/keras-retinanet/data/araplus/raw_data/16-06-2020 105811.jpg,371,0,493,144,p0
/home/adam/Desktop/betzalel_personal/keras-retinanet/data/araplus/raw_data/16-06-2020 105811.jpg,536,12,691,152,p0
/home/adam/Desktop/betzalel_personal/keras-retinanet/data/araplus/raw_data/16-06-2020 105811.jpg,158,8,324,150,p0
/home/adam/Desktop/betzalel_personal/keras-retinanet/data/araplus/raw_data/16-06-2020 105811.jpg,2,7,129,147,p0
/home/adam/Desktop/betzalel_personal/keras-retinanet/data/araplus/raw_data/16-06-2020 105811.jpg,29,323,198,635,p0
/home/adam/Desktop/betzalel_personal/keras-retinanet/data/araplus/raw_data/16-06-2020 105811.jpg,192,320,353,634,p0
/home/adam/Desktop/betzalel_personal/keras-retinanet/data/araplus/raw_data/16-06-2020 105811.jpg,367,338,457,651,p0
/home/adam/Desktop/betzalel_personal/keras-retinanet/data/araplus/raw_data/16-06-2020 105811.jpg,457,315,582,573,p0
/home/adam/Desktop/betzalel_personal/keras-retinanet/data/araplus/raw_data/16-06-2020 105717.jpg,640,243,661,695,p0
/home/adam/Desktop/betzalel_personal/keras-retinanet/data/araplus/raw_data/16-06-2020 105717.jpg,665,233,791,569,p0
/home/adam/Desktop/betzalel_personal/keras-retinanet/data/araplus/raw_data/16-06-2020 105717.jpg,273,315,487,744,p0
/home/adam/Desktop/betzalel_personal/keras-retinanet/data/araplus/raw_data/16-06-2020 105717.jpg,442,281,611,689,p0
/home/adam/Desktop/betzalel_personal/keras-retinanet/data/araplus/raw_data/16-06-2020 105717.jpg,29,455,154,983,p0
/home/adam/Desktop/betzalel_personal/keras-retinanet/data/araplus/raw_data/16-06-2020 105717.jpg,77,420,329,901,p0
/home/adam/Desktop/betzalel_personal/keras-retinanet/data/araplus/raw_data/16-06-2020 105709.jpg,748,315,826,729,p0
/home/adam/Desktop/betzalel_personal/keras-retinanet/data/araplus/raw_data/16-06-2020 105709.jpg,340,340,528,784,p0
/home/adam/Desktop/betzalel_personal/keras-retinanet/data/araplus/raw_data/16-06-2020 105709.jpg,552,328,724,798,p0
/home/adam/Desktop/betzalel_personal/keras-retinanet/data/araplus/raw_data/16-06-2020 105709.jpg,70,385,283,848,p0
/home/adam/Desktop/betzalel_personal/keras-retinanet/data/araplus/raw_data/16-06-2020 105709.jpg,17,416,64,864,p0
/home/adam/Desktop/betzalel_personal/keras-retinanet/data/araplus/raw_data/IMG_6241.jpg,1245,1120,2004,3391,p0
/home/adam/Desktop/betzalel_personal/keras-retinanet/data/araplus/raw_data/IMG_6241.jpg,1926,1116,2703,3336,p0
/home/adam/Desktop/betzalel_personal/keras-retinanet/data/araplus/raw_data/IMG_6241.jpg,498,1145,1225,3411,p0
/home/adam/Desktop/betzalel_personal/keras-retinanet/data/araplus/raw_data/IMG_6241.jpg,0,1180,562,3376,p0
/home/adam/Desktop/betzalel_personal/keras-retinanet/data/araplus/raw_data/16-06-2020 105407.jpg,64,450,204,747,p0
/home/adam/Desktop/betzalel_personal/keras-retinanet/data/araplus/raw_data/16-06-2020 105407.jpg,193,431,324,728,p0
/home/adam/Desktop/betzalel_personal/keras-retinanet/data/araplus/raw_data/16-06-2020 105407.jpg,157,12,289,241,p0
/home/adam/Desktop/betzalel_personal/keras-retinanet/data/araplus/raw_data/16-06-2020 105407.jpg,309,420,493,779,p0
/home/adam/Desktop/betzalel_personal/keras-retinanet/data/araplus/raw_data/16-06-2020 105407.jpg,462,420,624,764,p0
/home/adam/Desktop/betzalel_personal/keras-retinanet/data/araplus/raw_data/16-06-2020 105407.jpg,310,8,452,243,p0
/home/adam/Desktop/betzalel_personal/keras-retinanet/data/araplus/raw_data/16-06-2020 105407.jpg,4,958,109,1210,p0
/home/adam/Desktop/betzalel_personal/keras-retinanet/data/araplus/raw_data/16-06-2020 105407.jpg,91,940,253,1122,p0
/home/adam/Desktop/betzalel_personal/keras-retinanet/data/araplus/raw_data/16-06-2020 105407.jpg,238,928,363,1113,p0
/home/adam/Desktop/betzalel_personal/keras-retinanet/data/araplus/raw_data/16-06-2020 105407.jpg,4,445,60,734,p0
/home/adam/Desktop/betzalel_personal/keras-retinanet/data/araplus/raw_data/16-06-2020 105407.jpg,12,16,122,271,p0
/home/adam/Desktop/betzalel_personal/keras-retinanet/data/araplus/raw_data/16-06-2020 105407.jpg,353,925,463,1113,p0
/home/adam/Desktop/betzalel_personal/keras-retinanet/data/araplus/raw_data/16-06-2020 105407.jpg,482,880,592,1102,p0
/home/adam/Desktop/betzalel_personal/keras-retinanet/data/araplus/raw_data/16-06-2020 105704.jpg,583,276,738,690,p0
/home/adam/Desktop/betzalel_personal/keras-retinanet/data/araplus/raw_data/16-06-2020 105704.jpg,731,256,810,675,p0
/home/adam/Desktop/betzalel_personal/keras-retinanet/data/araplus/raw_data/16-06-2020 105704.jpg,178,350,433,806,p0
/home/adam/Desktop/betzalel_personal/keras-retinanet/data/araplus/raw_data/16-06-2020 105704.jpg,383,282,607,763,p0
/home/adam/Desktop/betzalel_personal/keras-retinanet/data/araplus/raw_data/16-06-2020 105704.jpg,9,400,92,893,p0
/home/adam/Desktop/betzalel_personal/keras-retinanet/data/araplus/raw_data/16-06-2020 130647.jpg,635,367,832,896,p0
/home/adam/Desktop/betzalel_personal/keras-retinanet/data/araplus/raw_data/16-06-2020 130647.jpg,445,354,602,817,p0
/home/adam/Desktop/betzalel_personal/keras-retinanet/data/araplus/raw_data/16-06-2020 130647.jpg,270,358,423,826,p0
/home/adam/Desktop/betzalel_personal/keras-retinanet/data/araplus/raw_data/16-06-2020 105627.jpg,228,411,446,739,p0
/home/adam/Desktop/betzalel_personal/keras-retinanet/data/araplus/raw_data/16-06-2020 105627.jpg,308,970,507,1231,p0
/home/adam/Desktop/betzalel_personal/keras-retinanet/data/araplus/raw_data/16-06-2020 105627.jpg,415,379,542,715,p0
/home/adam/Desktop/betzalel_personal/keras-retinanet/data/araplus/raw_data/16-06-2020 105627.jpg,9,286,70,771,p0
/home/adam/Desktop/betzalel_personal/keras-retinanet/data/araplus/raw_data/16-06-2020 130336.jpg,168,224,381,864,p0
/home/adam/Desktop/betzalel_personal/keras-retinanet/data/araplus/raw_data/16-06-2020 130336.jpg,405,219,574,797,p0
/home/adam/Desktop/betzalel_personal/keras-retinanet/data/araplus/raw_data/16-06-2020 130336.jpg,567,211,697,768,p0
/home/adam/Desktop/betzalel_personal/keras-retinanet/data/araplus/raw_data/16-06-2020 130336.jpg,278,1032,372,1236,p0
/home/adam/Desktop/betzalel_personal/keras-retinanet/data/araplus/raw_data/16-06-2020 130336.jpg,396,1054,499,1229,p0
/home/adam/Desktop/betzalel_personal/keras-retinanet/data/araplus/raw_data/16-06-2020 130336.jpg,573,1072,738,1248,p0
/home/adam/Desktop/betzalel_personal/keras-retinanet/data/araplus/raw_data/16-06-2020 105328.jpg,187,190,264,381,p0
/home/adam/Desktop/betzalel_personal/keras-retinanet/data/araplus/raw_data/16-06-2020 105328.jpg,275,187,348,377,p0
/home/adam/Desktop/betzalel_personal/keras-retinanet/data/araplus/raw_data/16-06-2020 105328.jpg,258,1,321,73,p0
/home/adam/Desktop/betzalel_personal/keras-retinanet/data/araplus/raw_data/16-06-2020 105328.jpg,353,169,422,390,p0
/home/adam/Desktop/betzalel_personal/keras-retinanet/data/araplus/raw_data/16-06-2020 105328.jpg,433,171,513,389,p0
/home/adam/Desktop/betzalel_personal/keras-retinanet/data/araplus/raw_data/16-06-2020 105328.jpg,19,480,75,660,p0
/home/adam/Desktop/betzalel_personal/keras-retinanet/data/araplus/raw_data/16-06-2020 105328.jpg,343,3,412,64,p0
/home/adam/Desktop/betzalel_personal/keras-retinanet/data/araplus/raw_data/16-06-2020 105328.jpg,59,480,134,650,p0
/home/adam/Desktop/betzalel_personal/keras-retinanet/data/araplus/raw_data/16-06-2020 105328.jpg,142,470,232,644,p0
/home/adam/Desktop/betzalel_personal/keras-retinanet/data/araplus/raw_data/16-06-2020 105328.jpg,0,2,59,78,p0
/home/adam/Desktop/betzalel_personal/keras-retinanet/data/araplus/raw_data/16-06-2020 105328.jpg,204,459,291,647,p0
/home/adam/Desktop/betzalel_personal/keras-retinanet/data/araplus/raw_data/16-06-2020 105328.jpg,278,463,367,621,p0
/home/adam/Desktop/betzalel_personal/keras-retinanet/data/araplus/raw_data/16-06-2020 105328.jpg,32,191,125,391,p0
/home/adam/Desktop/betzalel_personal/keras-retinanet/data/araplus/raw_data/16-06-2020 105328.jpg,104,181,203,389,p0
/home/adam/Desktop/betzalel_personal/keras-retinanet/data/araplus/raw_data/16-06-2020 105328.jpg,155,7,239,85,p0
/home/adam/Desktop/betzalel_personal/keras-retinanet/data/araplus/raw_data/16-06-2020 105328.jpg,69,2,147,80,p0
/home/adam/Desktop/betzalel_personal/keras-retinanet/data/araplus/raw_data/16-06-2020 105328.jpg,360,445,425,626,p0
/home/adam/Desktop/betzalel_personal/keras-retinanet/data/araplus/raw_data/16-06-2020 105328.jpg,423,445,493,615,p0
/home/adam/Desktop/betzalel_personal/keras-retinanet/data/araplus/raw_data/16-06-2020 130439.jpg,0,202,192,819,p0
/home/adam/Desktop/betzalel_personal/keras-retinanet/data/araplus/raw_data/16-06-2020 130439.jpg,172,208,374,851,p0
/home/adam/Desktop/betzalel_personal/keras-retinanet/data/araplus/raw_data/16-06-2020 130439.jpg,388,211,577,820,p0
/home/adam/Desktop/betzalel_personal/keras-retinanet/data/araplus/raw_data/16-06-2020 130439.jpg,553,223,822,891,p0
/home/adam/Desktop/betzalel_personal/keras-retinanet/data/araplus/raw_data/16-06-2020 130439.jpg,339,987,435,1229,p0
/home/adam/Desktop/betzalel_personal/keras-retinanet/data/araplus/raw_data/16-06-2020 130439.jpg,224,950,338,1176,p0
/home/adam/Desktop/betzalel_personal/keras-retinanet/data/araplus/raw_data/16-06-2020 130439.jpg,424,1008,597,1248,p0
/home/adam/Desktop/betzalel_personal/keras-retinanet/data/araplus/raw_data/16-06-2020 130439.jpg,569,1045,748,1248,p0
/home/adam/Desktop/betzalel_personal/keras-retinanet/data/araplus/raw_data/16-06-2020 105327.jpg,268,304,336,484,p0
/home/adam/Desktop/betzalel_personal/keras-retinanet/data/araplus/raw_data/16-06-2020 105327.jpg,352,299,410,487,p0
/home/adam/Desktop/betzalel_personal/keras-retinanet/data/araplus/raw_data/16-06-2020 105327.jpg,323,2,406,197,p0
/home/adam/Desktop/betzalel_personal/keras-retinanet/data/araplus/raw_data/16-06-2020 105327.jpg,423,296,493,492,p0
/home/adam/Desktop/betzalel_personal/keras-retinanet/data/araplus/raw_data/16-06-2020 105327.jpg,502,291,564,488,p0
/home/adam/Desktop/betzalel_personal/keras-retinanet/data/araplus/raw_data/16-06-2020 105327.jpg,27,303,109,489,p0
/home/adam/Desktop/betzalel_personal/keras-retinanet/data/araplus/raw_data/16-06-2020 105327.jpg,10,585,46,756,p0
/home/adam/Desktop/betzalel_personal/keras-retinanet/data/araplus/raw_data/16-06-2020 105327.jpg,85,576,165,742,p0
/home/adam/Desktop/betzalel_personal/keras-retinanet/data/araplus/raw_data/16-06-2020 105327.jpg,20,36,83,194,p0
/home/adam/Desktop/betzalel_personal/keras-retinanet/data/araplus/raw_data/16-06-2020 105327.jpg,420,4,488,186,p0
/home/adam/Desktop/betzalel_personal/keras-retinanet/data/araplus/raw_data/16-06-2020 105327.jpg,161,574,202,744,p0
/home/adam/Desktop/betzalel_personal/keras-retinanet/data/araplus/raw_data/16-06-2020 105327.jpg,221,569,274,739,p0
/home/adam/Desktop/betzalel_personal/keras-retinanet/data/araplus/raw_data/16-06-2020 105327.jpg,70,32,149,206,p0
/home/adam/Desktop/betzalel_personal/keras-retinanet/data/araplus/raw_data/16-06-2020 105327.jpg,293,560,361,719,p0
/home/adam/Desktop/betzalel_personal/keras-retinanet/data/araplus/raw_data/16-06-2020 105327.jpg,345,558,419,708,p0
/home/adam/Desktop/betzalel_personal/keras-retinanet/data/araplus/raw_data/16-06-2020 105327.jpg,114,311,203,485,p0
/home/adam/Desktop/betzalel_personal/keras-retinanet/data/araplus/raw_data/16-06-2020 105327.jpg,203,302,259,497,p0
/home/adam/Desktop/betzalel_personal/keras-retinanet/data/araplus/raw_data/16-06-2020 105327.jpg,224,0,314,191,p0
/home/adam/Desktop/betzalel_personal/keras-retinanet/data/araplus/raw_data/16-06-2020 105327.jpg,129,7,217,192,p0
/home/adam/Desktop/betzalel_personal/keras-retinanet/data/araplus/raw_data/16-06-2020 105327.jpg,407,559,492,697,p0
/home/adam/Desktop/betzalel_personal/keras-retinanet/data/araplus/raw_data/16-06-2020 105327.jpg,482,562,552,710,p0
/home/adam/Desktop/betzalel_personal/keras-retinanet/data/araplus/raw_data/IMG_6235.jpg,1793,793,2346,2489,p0
/home/adam/Desktop/betzalel_personal/keras-retinanet/data/araplus/raw_data/IMG_6235.jpg,2362,742,2963,2479,p0
/home/adam/Desktop/betzalel_personal/keras-retinanet/data/araplus/raw_data/IMG_6235.jpg,1255,861,1778,2482,p0
/home/adam/Desktop/betzalel_personal/keras-retinanet/data/araplus/raw_data/IMG_6235.jpg,714,847,1242,2498,p0
/home/adam/Desktop/betzalel_personal/keras-retinanet/data/araplus/raw_data/IMG_6235.jpg,163,807,696,2462,p0
/home/adam/Desktop/betzalel_personal/keras-retinanet/data/araplus/raw_data/16-06-2020 130335.jpg,377,189,586,870,p0
/home/adam/Desktop/betzalel_personal/keras-retinanet/data/araplus/raw_data/16-06-2020 130335.jpg,610,176,762,811,p0
/home/adam/Desktop/betzalel_personal/keras-retinanet/data/araplus/raw_data/16-06-2020 130335.jpg,804,221,826,778,p0
/home/adam/Desktop/betzalel_personal/keras-retinanet/data/araplus/raw_data/16-06-2020 105333.jpg,198,218,272,408,p0
/home/adam/Desktop/betzalel_personal/keras-retinanet/data/araplus/raw_data/16-06-2020 105333.jpg,279,208,352,405,p0
/home/adam/Desktop/betzalel_personal/keras-retinanet/data/araplus/raw_data/16-06-2020 105333.jpg,258,7,328,102,p0
/home/adam/Desktop/betzalel_personal/keras-retinanet/data/araplus/raw_data/16-06-2020 105333.jpg,363,211,432,414,p0
/home/adam/Desktop/betzalel_personal/keras-retinanet/data/araplus/raw_data/16-06-2020 105333.jpg,440,201,513,415,p0
/home/adam/Desktop/betzalel_personal/keras-retinanet/data/araplus/raw_data/16-06-2020 105333.jpg,17,493,76,705,p0
/home/adam/Desktop/betzalel_personal/keras-retinanet/data/araplus/raw_data/16-06-2020 105333.jpg,338,7,426,107,p0
/home/adam/Desktop/betzalel_personal/keras-retinanet/data/araplus/raw_data/16-06-2020 105333.jpg,101,495,134,690,p0
/home/adam/Desktop/betzalel_personal/keras-retinanet/data/araplus/raw_data/16-06-2020 105333.jpg,158,495,237,675,p0
/home/adam/Desktop/betzalel_personal/keras-retinanet/data/araplus/raw_data/16-06-2020 105333.jpg,4,14,65,107,p0
/home/adam/Desktop/betzalel_personal/keras-retinanet/data/araplus/raw_data/16-06-2020 105333.jpg,238,500,289,649,p0
/home/adam/Desktop/betzalel_personal/keras-retinanet/data/araplus/raw_data/16-06-2020 105333.jpg,297,487,358,639,p0
/home/adam/Desktop/betzalel_personal/keras-retinanet/data/araplus/raw_data/16-06-2020 105333.jpg,29,214,144,436,p0
/home/adam/Desktop/betzalel_personal/keras-retinanet/data/araplus/raw_data/16-06-2020 105333.jpg,111,219,219,401,p0
/home/adam/Desktop/betzalel_personal/keras-retinanet/data/araplus/raw_data/16-06-2020 105333.jpg,154,3,233,107,p0
/home/adam/Desktop/betzalel_personal/keras-retinanet/data/araplus/raw_data/16-06-2020 105333.jpg,65,2,144,97,p0
/home/adam/Desktop/betzalel_personal/keras-retinanet/data/araplus/raw_data/16-06-2020 105333.jpg,359,480,422,639,p0
/home/adam/Desktop/betzalel_personal/keras-retinanet/data/araplus/raw_data/16-06-2020 105333.jpg,415,481,503,625,p0
/home/adam/Desktop/betzalel_personal/keras-retinanet/data/araplus/raw_data/16-06-2020 105644.jpg,564,281,790,739,p0
/home/adam/Desktop/betzalel_personal/keras-retinanet/data/araplus/raw_data/16-06-2020 105644.jpg,760,247,823,706,p0
/home/adam/Desktop/betzalel_personal/keras-retinanet/data/araplus/raw_data/16-06-2020 105644.jpg,184,370,388,737,p0
/home/adam/Desktop/betzalel_personal/keras-retinanet/data/araplus/raw_data/16-06-2020 105644.jpg,338,317,540,714,p0
/home/adam/Desktop/betzalel_personal/keras-retinanet/data/araplus/raw_data/16-06-2020 105644.jpg,24,369,218,758,p0
/home/adam/Desktop/betzalel_personal/keras-retinanet/data/araplus/raw_data/16-06-2020 105644.jpg,0,417,47,814,p0
/home/adam/Desktop/betzalel_personal/keras-retinanet/data/araplus/raw_data/16-06-2020 105644.jpg,353,960,421,1248,p0
/home/adam/Desktop/betzalel_personal/keras-retinanet/data/araplus/raw_data/16-06-2020 105644.jpg,445,966,586,1221,p0
/home/adam/Desktop/betzalel_personal/keras-retinanet/data/araplus/raw_data/16-06-2020 105644.jpg,0,1074,150,1241,p0
/home/adam/Desktop/betzalel_personal/keras-retinanet/data/araplus/raw_data/16-06-2020 105644.jpg,156,1032,321,1246,p0
/home/adam/Desktop/betzalel_personal/keras-retinanet/data/araplus/raw_data/16-06-2020 105644.jpg,603,931,724,1167,p0
/home/adam/Desktop/betzalel_personal/keras-retinanet/data/araplus/raw_data/16-06-2020 105644.jpg,743,886,807,1125,p0
