/home/adam/Desktop/betzalel_personal/keras-retinanet/data/araplus/raw_data/16-06-2020 105433.jpg,392,997,519,1239,p0
/home/adam/Desktop/betzalel_personal/keras-retinanet/data/araplus/raw_data/16-06-2020 105433.jpg,541,972,666,1241,p0
/home/adam/Desktop/betzalel_personal/keras-retinanet/data/araplus/raw_data/16-06-2020 105433.jpg,565,345,737,804,p0
/home/adam/Desktop/betzalel_personal/keras-retinanet/data/araplus/raw_data/16-06-2020 105433.jpg,8,405,139,798,p0
/home/adam/Desktop/betzalel_personal/keras-retinanet/data/araplus/raw_data/16-06-2020 105433.jpg,59,1000,236,1232,p0
/home/adam/Desktop/betzalel_personal/keras-retinanet/data/araplus/raw_data/16-06-2020 105433.jpg,215,987,370,1246,p0
/home/adam/Desktop/betzalel_personal/keras-retinanet/data/araplus/raw_data/16-06-2020 105433.jpg,367,336,543,814,p0
/home/adam/Desktop/betzalel_personal/keras-retinanet/data/araplus/raw_data/16-06-2020 105433.jpg,253,0,395,89,p0
/home/adam/Desktop/betzalel_personal/keras-retinanet/data/araplus/raw_data/16-06-2020 105433.jpg,144,353,313,814,p0
/home/adam/Desktop/betzalel_personal/keras-retinanet/data/araplus/raw_data/16-06-2020 105728.jpg,166,398,407,773,p0
/home/adam/Desktop/betzalel_personal/keras-retinanet/data/araplus/raw_data/16-06-2020 105728.jpg,348,348,577,741,p0
/home/adam/Desktop/betzalel_personal/keras-retinanet/data/araplus/raw_data/16-06-2020 105728.jpg,69,415,168,933,p0
/home/adam/Desktop/betzalel_personal/keras-retinanet/data/araplus/raw_data/16-06-2020 105728.jpg,562,345,717,706,p0
/home/adam/Desktop/betzalel_personal/keras-retinanet/data/araplus/raw_data/16-06-2020 105728.jpg,723,301,818,667,p0
/home/adam/Desktop/betzalel_personal/keras-retinanet/data/araplus/raw_data/16-06-2020 130719.jpg,305,860,449,1188,p0
/home/adam/Desktop/betzalel_personal/keras-retinanet/data/araplus/raw_data/16-06-2020 130719.jpg,475,875,636,1248,p0
/home/adam/Desktop/betzalel_personal/keras-retinanet/data/araplus/raw_data/16-06-2020 130719.jpg,606,869,775,1248,p0
/home/adam/Desktop/betzalel_personal/keras-retinanet/data/araplus/raw_data/16-06-2020 130719.jpg,151,895,318,1248,p0
/home/adam/Desktop/betzalel_personal/keras-retinanet/data/araplus/raw_data/16-06-2020 130719.jpg,20,120,258,743,p0
/home/adam/Desktop/betzalel_personal/keras-retinanet/data/araplus/raw_data/16-06-2020 130719.jpg,240,122,434,659,p0
/home/adam/Desktop/betzalel_personal/keras-retinanet/data/araplus/raw_data/16-06-2020 130719.jpg,412,123,586,640,p0
/home/adam/Desktop/betzalel_personal/keras-retinanet/data/araplus/raw_data/16-06-2020 130719.jpg,589,109,750,624,p0
/home/adam/Desktop/betzalel_personal/keras-retinanet/data/araplus/raw_data/16-06-2020 130817.jpg,0,22,217,560,p0
/home/adam/Desktop/betzalel_personal/keras-retinanet/data/araplus/raw_data/16-06-2020 130817.jpg,111,6,357,551,p0
/home/adam/Desktop/betzalel_personal/keras-retinanet/data/araplus/raw_data/16-06-2020 130817.jpg,54,714,204,998,p0
/home/adam/Desktop/betzalel_personal/keras-retinanet/data/araplus/raw_data/16-06-2020 130817.jpg,171,737,339,1066,p0
/home/adam/Desktop/betzalel_personal/keras-retinanet/data/araplus/raw_data/16-06-2020 130817.jpg,293,696,445,1032,p0
/home/adam/Desktop/betzalel_personal/keras-retinanet/data/araplus/raw_data/16-06-2020 130602.jpg,558,443,727,886,p0
/home/adam/Desktop/betzalel_personal/keras-retinanet/data/araplus/raw_data/16-06-2020 130602.jpg,425,441,561,870,p0
/home/adam/Desktop/betzalel_personal/keras-retinanet/data/araplus/raw_data/16-06-2020 130602.jpg,264,451,419,878,p0
/home/adam/Desktop/betzalel_personal/keras-retinanet/data/araplus/raw_data/16-06-2020 130602.jpg,99,486,282,923,p0
/home/adam/Desktop/betzalel_personal/keras-retinanet/data/araplus/raw_data/16-06-2020 105404.jpg,183,470,248,764,p0
/home/adam/Desktop/betzalel_personal/keras-retinanet/data/araplus/raw_data/16-06-2020 105404.jpg,27,470,121,774,p0
/home/adam/Desktop/betzalel_personal/keras-retinanet/data/araplus/raw_data/16-06-2020 105404.jpg,91,7,213,254,p0
/home/adam/Desktop/betzalel_personal/keras-retinanet/data/araplus/raw_data/16-06-2020 105404.jpg,285,462,432,797,p0
/home/adam/Desktop/betzalel_personal/keras-retinanet/data/araplus/raw_data/16-06-2020 105404.jpg,425,437,580,783,p0
/home/adam/Desktop/betzalel_personal/keras-retinanet/data/araplus/raw_data/16-06-2020 105404.jpg,256,13,392,279,p0
/home/adam/Desktop/betzalel_personal/keras-retinanet/data/araplus/raw_data/16-06-2020 105404.jpg,221,945,299,1149,p0
/home/adam/Desktop/betzalel_personal/keras-retinanet/data/araplus/raw_data/16-06-2020 105404.jpg,95,958,168,1162,p0
/home/adam/Desktop/betzalel_personal/keras-retinanet/data/araplus/raw_data/16-06-2020 105404.jpg,317,952,432,1127,p0
/home/adam/Desktop/betzalel_personal/keras-retinanet/data/araplus/raw_data/16-06-2020 105404.jpg,440,942,529,1107,p0
/home/adam/Desktop/betzalel_personal/keras-retinanet/data/araplus/raw_data/16-06-2020 130346.jpg,27,323,226,844,p0
/home/adam/Desktop/betzalel_personal/keras-retinanet/data/araplus/raw_data/16-06-2020 130346.jpg,208,298,397,772,p0
/home/adam/Desktop/betzalel_personal/keras-retinanet/data/araplus/raw_data/16-06-2020 130346.jpg,367,308,484,753,p0
/home/adam/Desktop/betzalel_personal/keras-retinanet/data/araplus/raw_data/16-06-2020 130346.jpg,529,301,649,729,p0
/home/adam/Desktop/betzalel_personal/keras-retinanet/data/araplus/raw_data/16-06-2020 130346.jpg,111,1032,248,1225,p0
/home/adam/Desktop/betzalel_personal/keras-retinanet/data/araplus/raw_data/16-06-2020 130346.jpg,263,1017,363,1235,p0
/home/adam/Desktop/betzalel_personal/keras-retinanet/data/araplus/raw_data/16-06-2020 130346.jpg,425,1022,528,1241,p0
/home/adam/Desktop/betzalel_personal/keras-retinanet/data/araplus/raw_data/16-06-2020 130346.jpg,567,1031,656,1245,p0
/home/adam/Desktop/betzalel_personal/keras-retinanet/data/araplus/raw_data/16-06-2020 130702.jpg,229,0,547,905,p0
/home/adam/Desktop/betzalel_personal/keras-retinanet/data/araplus/raw_data/16-06-2020 130702.jpg,548,0,832,918,p0
/home/adam/Desktop/betzalel_personal/keras-retinanet/data/araplus/raw_data/16-06-2020 130355.jpg,124,7,274,141,p0
/home/adam/Desktop/betzalel_personal/keras-retinanet/data/araplus/raw_data/16-06-2020 130355.jpg,0,440,162,789,p0
/home/adam/Desktop/betzalel_personal/keras-retinanet/data/araplus/raw_data/16-06-2020 130355.jpg,146,363,283,724,p0
/home/adam/Desktop/betzalel_personal/keras-retinanet/data/araplus/raw_data/16-06-2020 130355.jpg,327,410,432,769,p0
/home/adam/Desktop/betzalel_personal/keras-retinanet/data/araplus/raw_data/16-06-2020 130355.jpg,472,410,557,782,p0
/home/adam/Desktop/betzalel_personal/keras-retinanet/data/araplus/raw_data/16-06-2020 130355.jpg,94,895,193,1059,p0
/home/adam/Desktop/betzalel_personal/keras-retinanet/data/araplus/raw_data/16-06-2020 130355.jpg,333,888,427,1088,p0
/home/adam/Desktop/betzalel_personal/keras-retinanet/data/araplus/raw_data/16-06-2020 130355.jpg,442,886,505,1050,p0
/home/adam/Desktop/betzalel_personal/keras-retinanet/data/araplus/raw_data/16-06-2020 130355.jpg,282,1188,345,1221,p0
/home/adam/Desktop/betzalel_personal/keras-retinanet/data/araplus/raw_data/16-06-2020 130355.jpg,366,1189,404,1230,p0
/home/adam/Desktop/betzalel_personal/keras-retinanet/data/araplus/raw_data/16-06-2020 130355.jpg,434,1191,486,1231,p0
/home/adam/Desktop/betzalel_personal/keras-retinanet/data/araplus/raw_data/16-06-2020 105635.jpg,164,440,336,763,p0
/home/adam/Desktop/betzalel_personal/keras-retinanet/data/araplus/raw_data/16-06-2020 105635.jpg,345,417,485,767,p0
/home/adam/Desktop/betzalel_personal/keras-retinanet/data/araplus/raw_data/16-06-2020 105635.jpg,0,491,82,778,p0
/home/adam/Desktop/betzalel_personal/keras-retinanet/data/araplus/raw_data/IMG_6245.jpg,0,614,1136,3510,p0
/home/adam/Desktop/betzalel_personal/keras-retinanet/data/araplus/raw_data/IMG_6245.jpg,1152,555,2083,3350,p0
/home/adam/Desktop/betzalel_personal/keras-retinanet/data/araplus/raw_data/IMG_6245.jpg,2130,529,3024,3486,p0
/home/adam/Desktop/betzalel_personal/keras-retinanet/data/araplus/raw_data/16-06-2020 130822.jpg,102,0,347,548,p0
/home/adam/Desktop/betzalel_personal/keras-retinanet/data/araplus/raw_data/16-06-2020 130822.jpg,0,16,210,550,p0
/home/adam/Desktop/betzalel_personal/keras-retinanet/data/araplus/raw_data/16-06-2020 130822.jpg,171,724,338,1063,p0
/home/adam/Desktop/betzalel_personal/keras-retinanet/data/araplus/raw_data/16-06-2020 130822.jpg,303,707,444,1040,p0
/home/adam/Desktop/betzalel_personal/keras-retinanet/data/araplus/raw_data/16-06-2020 130822.jpg,60,707,202,995,p0
/home/adam/Desktop/betzalel_personal/keras-retinanet/data/araplus/raw_data/16-06-2020 130822.jpg,0,704,106,1009,p0
/home/adam/Desktop/betzalel_personal/keras-retinanet/data/araplus/raw_data/16-06-2020 130710.jpg,0,211,210,770,p0
/home/adam/Desktop/betzalel_personal/keras-retinanet/data/araplus/raw_data/16-06-2020 130710.jpg,137,201,361,733,p0
/home/adam/Desktop/betzalel_personal/keras-retinanet/data/araplus/raw_data/16-06-2020 130710.jpg,297,200,474,669,p0
/home/adam/Desktop/betzalel_personal/keras-retinanet/data/araplus/raw_data/16-06-2020 130710.jpg,455,170,622,654,p0
/home/adam/Desktop/betzalel_personal/keras-retinanet/data/araplus/raw_data/16-06-2020 130710.jpg,415,809,529,1143,p0
/home/adam/Desktop/betzalel_personal/keras-retinanet/data/araplus/raw_data/16-06-2020 130710.jpg,523,791,628,1096,p0
/home/adam/Desktop/betzalel_personal/keras-retinanet/data/araplus/raw_data/16-06-2020 130710.jpg,261,819,402,1095,p0
/home/adam/Desktop/betzalel_personal/keras-retinanet/data/araplus/raw_data/16-06-2020 130710.jpg,141,855,277,1110,p0
/home/adam/Desktop/betzalel_personal/keras-retinanet/data/araplus/raw_data/16-06-2020 130345.jpg,24,355,243,863,p0
/home/adam/Desktop/betzalel_personal/keras-retinanet/data/araplus/raw_data/16-06-2020 130345.jpg,223,329,412,798,p0
/home/adam/Desktop/betzalel_personal/keras-retinanet/data/araplus/raw_data/16-06-2020 130345.jpg,385,345,522,759,p0
/home/adam/Desktop/betzalel_personal/keras-retinanet/data/araplus/raw_data/16-06-2020 130345.jpg,533,323,665,761,p0
/home/adam/Desktop/betzalel_personal/keras-retinanet/data/araplus/raw_data/16-06-2020 130345.jpg,121,1044,252,1247,p0
/home/adam/Desktop/betzalel_personal/keras-retinanet/data/araplus/raw_data/16-06-2020 130345.jpg,276,1026,408,1221,p0
/home/adam/Desktop/betzalel_personal/keras-retinanet/data/araplus/raw_data/16-06-2020 130345.jpg,457,1041,562,1236,p0
/home/adam/Desktop/betzalel_personal/keras-retinanet/data/araplus/raw_data/16-06-2020 130345.jpg,599,1002,707,1242,p0
/home/adam/Desktop/betzalel_personal/keras-retinanet/data/araplus/raw_data/16-06-2020 105837.jpg,561,251,666,478,p0
/home/adam/Desktop/betzalel_personal/keras-retinanet/data/araplus/raw_data/16-06-2020 105837.jpg,669,245,762,472,p0
/home/adam/Desktop/betzalel_personal/keras-retinanet/data/araplus/raw_data/16-06-2020 105837.jpg,482,1,552,137,p0
/home/adam/Desktop/betzalel_personal/keras-retinanet/data/araplus/raw_data/16-06-2020 105837.jpg,375,276,463,471,p0
/home/adam/Desktop/betzalel_personal/keras-retinanet/data/araplus/raw_data/16-06-2020 105837.jpg,458,256,548,473,p0
/home/adam/Desktop/betzalel_personal/keras-retinanet/data/araplus/raw_data/16-06-2020 105837.jpg,214,283,324,472,p0
/home/adam/Desktop/betzalel_personal/keras-retinanet/data/araplus/raw_data/16-06-2020 105837.jpg,308,293,392,486,p0
/home/adam/Desktop/betzalel_personal/keras-retinanet/data/araplus/raw_data/16-06-2020 105837.jpg,230,0,333,162,p0
/home/adam/Desktop/betzalel_personal/keras-retinanet/data/araplus/raw_data/16-06-2020 105837.jpg,398,559,488,715,p0
/home/adam/Desktop/betzalel_personal/keras-retinanet/data/araplus/raw_data/16-06-2020 105837.jpg,472,574,557,720,p0
/home/adam/Desktop/betzalel_personal/keras-retinanet/data/araplus/raw_data/16-06-2020 105837.jpg,353,12,436,142,p0
/home/adam/Desktop/betzalel_personal/keras-retinanet/data/araplus/raw_data/16-06-2020 105837.jpg,258,584,343,754,p0
/home/adam/Desktop/betzalel_personal/keras-retinanet/data/araplus/raw_data/16-06-2020 105837.jpg,330,594,408,774,p0
/home/adam/Desktop/betzalel_personal/keras-retinanet/data/araplus/raw_data/16-06-2020 105837.jpg,158,4,233,161,p0
/home/adam/Desktop/betzalel_personal/keras-retinanet/data/araplus/raw_data/16-06-2020 105837.jpg,0,308,94,505,p0
/home/adam/Desktop/betzalel_personal/keras-retinanet/data/araplus/raw_data/16-06-2020 105837.jpg,90,291,222,495,p0
/home/adam/Desktop/betzalel_personal/keras-retinanet/data/araplus/raw_data/16-06-2020 105837.jpg,19,599,129,784,p0
/home/adam/Desktop/betzalel_personal/keras-retinanet/data/araplus/raw_data/16-06-2020 105837.jpg,134,609,242,776,p0
/home/adam/Desktop/betzalel_personal/keras-retinanet/data/araplus/raw_data/16-06-2020 105837.jpg,84,11,152,166,p0
/home/adam/Desktop/betzalel_personal/keras-retinanet/data/araplus/raw_data/16-06-2020 105837.jpg,567,569,631,743,p0
/home/adam/Desktop/betzalel_personal/keras-retinanet/data/araplus/raw_data/16-06-2020 105837.jpg,645,575,698,717,p0
/home/adam/Desktop/betzalel_personal/keras-retinanet/data/araplus/raw_data/16-06-2020 105837.jpg,569,9,654,125,p0
/home/adam/Desktop/betzalel_personal/keras-retinanet/data/araplus/raw_data/16-06-2020 130505.jpg,487,882,612,1248,p0
/home/adam/Desktop/betzalel_personal/keras-retinanet/data/araplus/raw_data/16-06-2020 130505.jpg,214,294,366,748,p0
/home/adam/Desktop/betzalel_personal/keras-retinanet/data/araplus/raw_data/16-06-2020 130505.jpg,351,285,508,739,p0
/home/adam/Desktop/betzalel_personal/keras-retinanet/data/araplus/raw_data/16-06-2020 130505.jpg,494,345,625,715,p0
/home/adam/Desktop/betzalel_personal/keras-retinanet/data/araplus/raw_data/16-06-2020 130505.jpg,602,404,665,694,p0
/home/adam/Desktop/betzalel_personal/keras-retinanet/data/araplus/raw_data/16-06-2020 130505.jpg,368,963,534,1248,p0
/home/adam/Desktop/betzalel_personal/keras-retinanet/data/araplus/raw_data/IMG_6240.jpg,1442,1834,2140,3907,p0
/home/adam/Desktop/betzalel_personal/keras-retinanet/data/araplus/raw_data/IMG_6240.jpg,2088,1830,2769,3824,p0
/home/adam/Desktop/betzalel_personal/keras-retinanet/data/araplus/raw_data/IMG_6240.jpg,141,1880,835,3887,p0
/home/adam/Desktop/betzalel_personal/keras-retinanet/data/araplus/raw_data/IMG_6240.jpg,784,1887,1463,3886,p0
/home/adam/Desktop/betzalel_personal/keras-retinanet/data/araplus/raw_data/IMG_6240.jpg,2357,0,3024,748,p0
/home/adam/Desktop/betzalel_personal/keras-retinanet/data/araplus/raw_data/16-06-2020 105815.jpg,19,216,75,620,p0
/home/adam/Desktop/betzalel_personal/keras-retinanet/data/araplus/raw_data/16-06-2020 105815.jpg,115,201,289,605,p0
/home/adam/Desktop/betzalel_personal/keras-retinanet/data/araplus/raw_data/16-06-2020 105815.jpg,307,184,442,575,p0
/home/adam/Desktop/betzalel_personal/keras-retinanet/data/araplus/raw_data/16-06-2020 105815.jpg,462,206,612,573,p0
/home/adam/Desktop/betzalel_personal/keras-retinanet/data/araplus/raw_data/16-06-2020 105430.jpg,264,980,405,1235,p0
/home/adam/Desktop/betzalel_personal/keras-retinanet/data/araplus/raw_data/16-06-2020 105430.jpg,403,966,555,1232,p0
/home/adam/Desktop/betzalel_personal/keras-retinanet/data/araplus/raw_data/16-06-2020 105430.jpg,410,370,557,804,p0
/home/adam/Desktop/betzalel_personal/keras-retinanet/data/araplus/raw_data/16-06-2020 105430.jpg,574,343,762,817,p0
/home/adam/Desktop/betzalel_personal/keras-retinanet/data/araplus/raw_data/16-06-2020 105430.jpg,136,1002,234,1221,p0
/home/adam/Desktop/betzalel_personal/keras-retinanet/data/araplus/raw_data/16-06-2020 105430.jpg,2,992,100,1242,p0
/home/adam/Desktop/betzalel_personal/keras-retinanet/data/araplus/raw_data/16-06-2020 105430.jpg,193,380,359,832,p0
/home/adam/Desktop/betzalel_personal/keras-retinanet/data/araplus/raw_data/16-06-2020 105430.jpg,12,379,163,840,p0
/home/adam/Desktop/betzalel_personal/keras-retinanet/data/araplus/raw_data/16-06-2020 105430.jpg,64,0,247,151,p0
/home/adam/Desktop/betzalel_personal/keras-retinanet/data/araplus/raw_data/16-06-2020 105438.jpg,390,1006,540,1241,p0
/home/adam/Desktop/betzalel_personal/keras-retinanet/data/araplus/raw_data/16-06-2020 105438.jpg,543,992,698,1242,p0
/home/adam/Desktop/betzalel_personal/keras-retinanet/data/araplus/raw_data/16-06-2020 105438.jpg,580,343,761,819,p0
/home/adam/Desktop/betzalel_personal/keras-retinanet/data/araplus/raw_data/16-06-2020 105438.jpg,7,427,144,822,p0
/home/adam/Desktop/betzalel_personal/keras-retinanet/data/araplus/raw_data/16-06-2020 105438.jpg,268,1011,400,1247,p0
/home/adam/Desktop/betzalel_personal/keras-retinanet/data/araplus/raw_data/16-06-2020 105438.jpg,367,340,563,818,p0
/home/adam/Desktop/betzalel_personal/keras-retinanet/data/araplus/raw_data/16-06-2020 105438.jpg,231,0,400,68,p0
/home/adam/Desktop/betzalel_personal/keras-retinanet/data/araplus/raw_data/16-06-2020 105438.jpg,154,365,323,864,p0
/home/adam/Desktop/betzalel_personal/keras-retinanet/data/araplus/raw_data/16-06-2020 130348.jpg,59,369,261,868,p0
/home/adam/Desktop/betzalel_personal/keras-retinanet/data/araplus/raw_data/16-06-2020 130348.jpg,233,337,422,788,p0
/home/adam/Desktop/betzalel_personal/keras-retinanet/data/araplus/raw_data/16-06-2020 130348.jpg,386,340,518,756,p0
/home/adam/Desktop/betzalel_personal/keras-retinanet/data/araplus/raw_data/16-06-2020 130348.jpg,546,333,681,748,p0
/home/adam/Desktop/betzalel_personal/keras-retinanet/data/araplus/raw_data/16-06-2020 130348.jpg,191,1037,289,1248,p0
/home/adam/Desktop/betzalel_personal/keras-retinanet/data/araplus/raw_data/16-06-2020 130348.jpg,290,1010,398,1231,p0
/home/adam/Desktop/betzalel_personal/keras-retinanet/data/araplus/raw_data/16-06-2020 130348.jpg,445,1027,567,1227,p0
/home/adam/Desktop/betzalel_personal/keras-retinanet/data/araplus/raw_data/16-06-2020 130348.jpg,591,1032,686,1225,p0
/home/adam/Desktop/betzalel_personal/keras-retinanet/data/araplus/raw_data/16-06-2020 130414.jpg,132,110,321,573,p0
/home/adam/Desktop/betzalel_personal/keras-retinanet/data/araplus/raw_data/16-06-2020 130414.jpg,378,266,504,498,p0
/home/adam/Desktop/betzalel_personal/keras-retinanet/data/araplus/raw_data/16-06-2020 130414.jpg,510,271,687,615,p0
/home/adam/Desktop/betzalel_personal/keras-retinanet/data/araplus/raw_data/16-06-2020 130414.jpg,658,91,830,536,p0
/home/adam/Desktop/betzalel_personal/keras-retinanet/data/araplus/raw_data/16-06-2020 130414.jpg,568,715,698,918,p0
/home/adam/Desktop/betzalel_personal/keras-retinanet/data/araplus/raw_data/16-06-2020 130414.jpg,489,714,583,896,p0
/home/adam/Desktop/betzalel_personal/keras-retinanet/data/araplus/raw_data/16-06-2020 130414.jpg,389,712,483,878,p0
/home/adam/Desktop/betzalel_personal/keras-retinanet/data/araplus/raw_data/16-06-2020 130414.jpg,297,821,382,882,p0
/home/adam/Desktop/betzalel_personal/keras-retinanet/data/araplus/raw_data/16-06-2020 105724.jpg,391,350,553,728,p0
/home/adam/Desktop/betzalel_personal/keras-retinanet/data/araplus/raw_data/16-06-2020 105724.jpg,564,330,752,710,p0
/home/adam/Desktop/betzalel_personal/keras-retinanet/data/araplus/raw_data/16-06-2020 105724.jpg,61,389,188,829,p0
/home/adam/Desktop/betzalel_personal/keras-retinanet/data/araplus/raw_data/16-06-2020 105724.jpg,196,360,380,794,p0
/home/adam/Desktop/betzalel_personal/keras-retinanet/data/araplus/raw_data/IMG_6222.jpg,688,817,1464,3271,p0
/home/adam/Desktop/betzalel_personal/keras-retinanet/data/araplus/raw_data/IMG_6222.jpg,1491,880,2275,3474,p0
/home/adam/Desktop/betzalel_personal/keras-retinanet/data/araplus/raw_data/IMG_6222.jpg,2295,929,3024,3488,p0
/home/adam/Desktop/betzalel_personal/keras-retinanet/data/araplus/raw_data/16-06-2020 105410.jpg,56,430,213,753,p0
/home/adam/Desktop/betzalel_personal/keras-retinanet/data/araplus/raw_data/16-06-2020 105410.jpg,183,415,334,720,p0
/home/adam/Desktop/betzalel_personal/keras-retinanet/data/araplus/raw_data/16-06-2020 105410.jpg,158,14,273,233,p0
/home/adam/Desktop/betzalel_personal/keras-retinanet/data/araplus/raw_data/16-06-2020 105410.jpg,328,397,478,778,p0
/home/adam/Desktop/betzalel_personal/keras-retinanet/data/araplus/raw_data/16-06-2020 105410.jpg,472,393,632,753,p0
/home/adam/Desktop/betzalel_personal/keras-retinanet/data/araplus/raw_data/16-06-2020 105410.jpg,307,17,452,246,p0
/home/adam/Desktop/betzalel_personal/keras-retinanet/data/araplus/raw_data/16-06-2020 105410.jpg,4,962,97,1210,p0
/home/adam/Desktop/betzalel_personal/keras-retinanet/data/araplus/raw_data/16-06-2020 105410.jpg,106,952,252,1123,p0
/home/adam/Desktop/betzalel_personal/keras-retinanet/data/araplus/raw_data/16-06-2020 105410.jpg,243,927,365,1104,p0
/home/adam/Desktop/betzalel_personal/keras-retinanet/data/araplus/raw_data/16-06-2020 105410.jpg,0,435,42,747,p0
/home/adam/Desktop/betzalel_personal/keras-retinanet/data/araplus/raw_data/16-06-2020 105410.jpg,4,3,119,247,p0
/home/adam/Desktop/betzalel_personal/keras-retinanet/data/araplus/raw_data/16-06-2020 105410.jpg,364,909,480,1105,p0
/home/adam/Desktop/betzalel_personal/keras-retinanet/data/araplus/raw_data/16-06-2020 105410.jpg,497,898,576,1102,p0
/home/adam/Desktop/betzalel_personal/keras-retinanet/data/araplus/raw_data/16-06-2020 105632.jpg,338,415,483,736,p0
/home/adam/Desktop/betzalel_personal/keras-retinanet/data/araplus/raw_data/16-06-2020 105632.jpg,397,987,574,1235,p0
/home/adam/Desktop/betzalel_personal/keras-retinanet/data/araplus/raw_data/16-06-2020 105632.jpg,472,385,622,724,p0
/home/adam/Desktop/betzalel_personal/keras-retinanet/data/araplus/raw_data/16-06-2020 105632.jpg,0,329,177,759,p0
/home/adam/Desktop/betzalel_personal/keras-retinanet/data/araplus/raw_data/16-06-2020 105647.jpg,659,726,816,1031,p0
/home/adam/Desktop/betzalel_personal/keras-retinanet/data/araplus/raw_data/16-06-2020 105647.jpg,405,758,572,1100,p0
/home/adam/Desktop/betzalel_personal/keras-retinanet/data/araplus/raw_data/16-06-2020 105647.jpg,522,733,684,1045,p0
/home/adam/Desktop/betzalel_personal/keras-retinanet/data/araplus/raw_data/16-06-2020 105647.jpg,507,151,676,595,p0
/home/adam/Desktop/betzalel_personal/keras-retinanet/data/araplus/raw_data/16-06-2020 105647.jpg,713,114,821,559,p0
/home/adam/Desktop/betzalel_personal/keras-retinanet/data/araplus/raw_data/16-06-2020 105647.jpg,318,226,473,587,p0
/home/adam/Desktop/betzalel_personal/keras-retinanet/data/araplus/raw_data/16-06-2020 105647.jpg,24,868,223,1232,p0
/home/adam/Desktop/betzalel_personal/keras-retinanet/data/araplus/raw_data/16-06-2020 105647.jpg,218,788,385,1132,p0
/home/adam/Desktop/betzalel_personal/keras-retinanet/data/araplus/raw_data/16-06-2020 105647.jpg,14,167,84,645,p0
/home/adam/Desktop/betzalel_personal/keras-retinanet/data/araplus/raw_data/16-06-2020 105647.jpg,168,246,319,614,p0
/home/adam/Desktop/betzalel_personal/keras-retinanet/data/araplus/raw_data/16-06-2020 130357.jpg,0,424,162,840,p0
/home/adam/Desktop/betzalel_personal/keras-retinanet/data/araplus/raw_data/16-06-2020 130357.jpg,128,370,290,754,p0
/home/adam/Desktop/betzalel_personal/keras-retinanet/data/araplus/raw_data/16-06-2020 130357.jpg,73,1,261,181,p0
/home/adam/Desktop/betzalel_personal/keras-retinanet/data/araplus/raw_data/16-06-2020 130357.jpg,291,419,448,817,p0
/home/adam/Desktop/betzalel_personal/keras-retinanet/data/araplus/raw_data/16-06-2020 130357.jpg,429,420,573,845,p0
/home/adam/Desktop/betzalel_personal/keras-retinanet/data/araplus/raw_data/16-06-2020 130357.jpg,420,896,500,1042,p0
/home/adam/Desktop/betzalel_personal/keras-retinanet/data/araplus/raw_data/16-06-2020 130357.jpg,317,1023,413,1118,p0
/home/adam/Desktop/betzalel_personal/keras-retinanet/data/araplus/raw_data/16-06-2020 130333.jpg,149,233,353,849,p0
/home/adam/Desktop/betzalel_personal/keras-retinanet/data/araplus/raw_data/16-06-2020 130333.jpg,392,194,568,792,p0
/home/adam/Desktop/betzalel_personal/keras-retinanet/data/araplus/raw_data/16-06-2020 130333.jpg,586,236,691,744,p0
/home/adam/Desktop/betzalel_personal/keras-retinanet/data/araplus/raw_data/16-06-2020 130333.jpg,211,1049,348,1248,p0
/home/adam/Desktop/betzalel_personal/keras-retinanet/data/araplus/raw_data/16-06-2020 130333.jpg,387,1057,512,1248,p0
/home/adam/Desktop/betzalel_personal/keras-retinanet/data/araplus/raw_data/16-06-2020 130333.jpg,580,1104,731,1242,p0
/home/adam/Desktop/betzalel_personal/keras-retinanet/data/araplus/raw_data/16-06-2020 130524.jpg,133,204,305,674,p0
/home/adam/Desktop/betzalel_personal/keras-retinanet/data/araplus/raw_data/16-06-2020 130524.jpg,0,202,167,689,p0
/home/adam/Desktop/betzalel_personal/keras-retinanet/data/araplus/raw_data/16-06-2020 130524.jpg,284,204,423,636,p0
/home/adam/Desktop/betzalel_personal/keras-retinanet/data/araplus/raw_data/16-06-2020 130524.jpg,430,194,570,639,p0
/home/adam/Desktop/betzalel_personal/keras-retinanet/data/araplus/raw_data/16-06-2020 130524.jpg,445,720,554,1037,p0
/home/adam/Desktop/betzalel_personal/keras-retinanet/data/araplus/raw_data/16-06-2020 130524.jpg,353,734,459,1063,p0
/home/adam/Desktop/betzalel_personal/keras-retinanet/data/araplus/raw_data/16-06-2020 130524.jpg,233,744,338,1004,p0
/home/adam/Desktop/betzalel_personal/keras-retinanet/data/araplus/raw_data/16-06-2020 130524.jpg,118,759,228,1018,p0
/home/adam/Desktop/betzalel_personal/keras-retinanet/data/araplus/raw_data/16-06-2020 105624.jpg,502,390,706,734,p0
/home/adam/Desktop/betzalel_personal/keras-retinanet/data/araplus/raw_data/16-06-2020 105624.jpg,696,365,831,733,p0
/home/adam/Desktop/betzalel_personal/keras-retinanet/data/araplus/raw_data/16-06-2020 105624.jpg,104,395,193,778,p0
/home/adam/Desktop/betzalel_personal/keras-retinanet/data/araplus/raw_data/16-06-2020 105624.jpg,218,266,432,742,p0
/home/adam/Desktop/betzalel_personal/keras-retinanet/data/araplus/raw_data/16-06-2020 105621.jpg,574,448,706,754,p0
/home/adam/Desktop/betzalel_personal/keras-retinanet/data/araplus/raw_data/16-06-2020 105621.jpg,34,411,203,789,p0
/home/adam/Desktop/betzalel_personal/keras-retinanet/data/araplus/raw_data/16-06-2020 105621.jpg,17,977,154,1236,p0
/home/adam/Desktop/betzalel_personal/keras-retinanet/data/araplus/raw_data/16-06-2020 105621.jpg,686,415,801,725,p0
/home/adam/Desktop/betzalel_personal/keras-retinanet/data/araplus/raw_data/16-06-2020 105621.jpg,213,435,333,762,p0
/home/adam/Desktop/betzalel_personal/keras-retinanet/data/araplus/raw_data/16-06-2020 105621.jpg,198,937,354,1236,p0
/home/adam/Desktop/betzalel_personal/keras-retinanet/data/araplus/raw_data/16-06-2020 105621.jpg,676,933,826,1245,p0
/home/adam/Desktop/betzalel_personal/keras-retinanet/data/araplus/raw_data/16-06-2020 105621.jpg,340,446,448,754,p0
/home/adam/Desktop/betzalel_personal/keras-retinanet/data/araplus/raw_data/16-06-2020 105621.jpg,430,348,592,739,p0
/home/adam/Desktop/betzalel_personal/keras-retinanet/data/araplus/raw_data/16-06-2020 105621.jpg,435,982,585,1241,p0
/home/adam/Desktop/betzalel_personal/keras-retinanet/data/araplus/raw_data/16-06-2020 130648.jpg,625,125,832,861,p0
/home/adam/Desktop/betzalel_personal/keras-retinanet/data/araplus/raw_data/16-06-2020 130648.jpg,368,151,577,766,p0
/home/adam/Desktop/betzalel_personal/keras-retinanet/data/araplus/raw_data/16-06-2020 130648.jpg,142,160,349,777,p0
/home/adam/Desktop/betzalel_personal/keras-retinanet/data/araplus/raw_data/16-06-2020 105625.jpg,507,361,728,729,p0
/home/adam/Desktop/betzalel_personal/keras-retinanet/data/araplus/raw_data/16-06-2020 105625.jpg,697,343,832,704,p0
/home/adam/Desktop/betzalel_personal/keras-retinanet/data/araplus/raw_data/16-06-2020 105625.jpg,84,410,224,748,p0
/home/adam/Desktop/betzalel_personal/keras-retinanet/data/araplus/raw_data/16-06-2020 105625.jpg,206,263,418,741,p0
/home/adam/Desktop/betzalel_personal/keras-retinanet/data/araplus/raw_data/16-06-2020 130559.jpg,313,237,500,698,p0
/home/adam/Desktop/betzalel_personal/keras-retinanet/data/araplus/raw_data/16-06-2020 130559.jpg,503,216,659,689,p0
/home/adam/Desktop/betzalel_personal/keras-retinanet/data/araplus/raw_data/16-06-2020 130559.jpg,1,267,225,746,p0
/home/adam/Desktop/betzalel_personal/keras-retinanet/data/araplus/raw_data/16-06-2020 130559.jpg,155,246,385,743,p0
/home/adam/Desktop/betzalel_personal/keras-retinanet/data/araplus/raw_data/16-06-2020 105823.jpg,472,7,547,239,p0
/home/adam/Desktop/betzalel_personal/keras-retinanet/data/araplus/raw_data/16-06-2020 105823.jpg,562,8,650,252,p0
/home/adam/Desktop/betzalel_personal/keras-retinanet/data/araplus/raw_data/16-06-2020 105823.jpg,287,12,360,231,p0
/home/adam/Desktop/betzalel_personal/keras-retinanet/data/araplus/raw_data/16-06-2020 105823.jpg,372,9,452,236,p0
/home/adam/Desktop/betzalel_personal/keras-retinanet/data/araplus/raw_data/16-06-2020 105823.jpg,110,17,204,242,p0
/home/adam/Desktop/betzalel_personal/keras-retinanet/data/araplus/raw_data/16-06-2020 105823.jpg,201,12,289,231,p0
/home/adam/Desktop/betzalel_personal/keras-retinanet/data/araplus/raw_data/16-06-2020 105823.jpg,303,327,371,515,p0
/home/adam/Desktop/betzalel_personal/keras-retinanet/data/araplus/raw_data/16-06-2020 105823.jpg,386,322,445,496,p0
/home/adam/Desktop/betzalel_personal/keras-retinanet/data/araplus/raw_data/16-06-2020 105823.jpg,139,329,249,525,p0
/home/adam/Desktop/betzalel_personal/keras-retinanet/data/araplus/raw_data/16-06-2020 105823.jpg,218,333,316,535,p0
/home/adam/Desktop/betzalel_personal/keras-retinanet/data/araplus/raw_data/16-06-2020 105823.jpg,14,19,92,237,p0
/home/adam/Desktop/betzalel_personal/keras-retinanet/data/araplus/raw_data/16-06-2020 105823.jpg,12,355,29,555,p0
/home/adam/Desktop/betzalel_personal/keras-retinanet/data/araplus/raw_data/16-06-2020 105823.jpg,54,345,122,510,p0
/home/adam/Desktop/betzalel_personal/keras-retinanet/data/araplus/raw_data/16-06-2020 105823.jpg,455,330,534,502,p0
/home/adam/Desktop/betzalel_personal/keras-retinanet/data/araplus/raw_data/16-06-2020 105823.jpg,532,330,601,495,p0
/home/adam/Desktop/betzalel_personal/keras-retinanet/data/araplus/raw_data/16-06-2020 130458.jpg,717,232,810,691,p0
/home/adam/Desktop/betzalel_personal/keras-retinanet/data/araplus/raw_data/16-06-2020 130458.jpg,182,199,369,748,p0
/home/adam/Desktop/betzalel_personal/keras-retinanet/data/araplus/raw_data/16-06-2020 130458.jpg,364,189,530,743,p0
/home/adam/Desktop/betzalel_personal/keras-retinanet/data/araplus/raw_data/16-06-2020 130458.jpg,558,168,742,740,p0
/home/adam/Desktop/betzalel_personal/keras-retinanet/data/araplus/raw_data/16-06-2020 105831.jpg,455,2,543,176,p0
/home/adam/Desktop/betzalel_personal/keras-retinanet/data/araplus/raw_data/16-06-2020 105831.jpg,355,303,443,500,p0
/home/adam/Desktop/betzalel_personal/keras-retinanet/data/araplus/raw_data/16-06-2020 105831.jpg,457,283,513,491,p0
/home/adam/Desktop/betzalel_personal/keras-retinanet/data/araplus/raw_data/16-06-2020 105831.jpg,549,281,637,508,p0
/home/adam/Desktop/betzalel_personal/keras-retinanet/data/araplus/raw_data/16-06-2020 105831.jpg,624,268,712,486,p0
/home/adam/Desktop/betzalel_personal/keras-retinanet/data/araplus/raw_data/16-06-2020 105831.jpg,194,305,294,524,p0
/home/adam/Desktop/betzalel_personal/keras-retinanet/data/araplus/raw_data/16-06-2020 105831.jpg,271,293,371,496,p0
/home/adam/Desktop/betzalel_personal/keras-retinanet/data/araplus/raw_data/16-06-2020 105831.jpg,242,7,286,166,p0
/home/adam/Desktop/betzalel_personal/keras-retinanet/data/araplus/raw_data/16-06-2020 105831.jpg,395,599,463,763,p0
/home/adam/Desktop/betzalel_personal/keras-retinanet/data/araplus/raw_data/16-06-2020 105831.jpg,472,599,537,763,p0
/home/adam/Desktop/betzalel_personal/keras-retinanet/data/araplus/raw_data/16-06-2020 105831.jpg,343,7,417,181,p0
/home/adam/Desktop/betzalel_personal/keras-retinanet/data/araplus/raw_data/16-06-2020 105831.jpg,230,601,313,778,p0
/home/adam/Desktop/betzalel_personal/keras-retinanet/data/araplus/raw_data/16-06-2020 105831.jpg,300,604,400,771,p0
/home/adam/Desktop/betzalel_personal/keras-retinanet/data/araplus/raw_data/16-06-2020 105831.jpg,161,2,208,195,p0
/home/adam/Desktop/betzalel_personal/keras-retinanet/data/araplus/raw_data/16-06-2020 105831.jpg,1,291,64,544,p0
/home/adam/Desktop/betzalel_personal/keras-retinanet/data/araplus/raw_data/16-06-2020 105831.jpg,84,303,173,521,p0
/home/adam/Desktop/betzalel_personal/keras-retinanet/data/araplus/raw_data/16-06-2020 105831.jpg,31,621,114,798,p0
/home/adam/Desktop/betzalel_personal/keras-retinanet/data/araplus/raw_data/16-06-2020 105831.jpg,136,620,204,794,p0
/home/adam/Desktop/betzalel_personal/keras-retinanet/data/araplus/raw_data/16-06-2020 105831.jpg,69,14,144,202,p0
/home/adam/Desktop/betzalel_personal/keras-retinanet/data/araplus/raw_data/16-06-2020 105831.jpg,549,589,614,753,p0
/home/adam/Desktop/betzalel_personal/keras-retinanet/data/araplus/raw_data/16-06-2020 105831.jpg,620,594,683,743,p0
/home/adam/Desktop/betzalel_personal/keras-retinanet/data/araplus/raw_data/16-06-2020 105831.jpg,557,7,615,162,p0
/home/adam/Desktop/betzalel_personal/keras-retinanet/data/araplus/raw_data/IMG_6215.jpg,411,26,938,1667,p0
/home/adam/Desktop/betzalel_personal/keras-retinanet/data/araplus/raw_data/IMG_6215.jpg,1009,41,1522,1717,p0
/home/adam/Desktop/betzalel_personal/keras-retinanet/data/araplus/raw_data/IMG_6215.jpg,1559,97,2075,1713,p0
/home/adam/Desktop/betzalel_personal/keras-retinanet/data/araplus/raw_data/IMG_6215.jpg,2276,131,2761,1818,p0
/home/adam/Desktop/betzalel_personal/keras-retinanet/data/araplus/raw_data/IMG_6215.jpg,1220,2182,1683,3384,p0
/home/adam/Desktop/betzalel_personal/keras-retinanet/data/araplus/raw_data/IMG_6215.jpg,730,2471,1172,3373,p0
/home/adam/Desktop/betzalel_personal/keras-retinanet/data/araplus/raw_data/IMG_6215.jpg,1659,2218,2086,3399,p0
/home/adam/Desktop/betzalel_personal/keras-retinanet/data/araplus/raw_data/IMG_6215.jpg,2109,2095,2486,3316,p0
/home/adam/Desktop/betzalel_personal/keras-retinanet/data/araplus/raw_data/16-06-2020 105337.jpg,418,589,467,728,p0
/home/adam/Desktop/betzalel_personal/keras-retinanet/data/araplus/raw_data/16-06-2020 105337.jpg,475,583,534,732,p0
/home/adam/Desktop/betzalel_personal/keras-retinanet/data/araplus/raw_data/16-06-2020 105337.jpg,491,374,548,523,p0
/home/adam/Desktop/betzalel_personal/keras-retinanet/data/araplus/raw_data/16-06-2020 105337.jpg,477,175,545,295,p0
/home/adam/Desktop/betzalel_personal/keras-retinanet/data/araplus/raw_data/16-06-2020 105337.jpg,552,599,606,763,p0
/home/adam/Desktop/betzalel_personal/keras-retinanet/data/araplus/raw_data/16-06-2020 105337.jpg,611,606,674,753,p0
/home/adam/Desktop/betzalel_personal/keras-retinanet/data/araplus/raw_data/16-06-2020 105337.jpg,155,606,211,758,p0
/home/adam/Desktop/betzalel_personal/keras-retinanet/data/araplus/raw_data/16-06-2020 105337.jpg,231,598,282,737,p0
/home/adam/Desktop/betzalel_personal/keras-retinanet/data/araplus/raw_data/16-06-2020 105337.jpg,163,805,228,962,p0
/home/adam/Desktop/betzalel_personal/keras-retinanet/data/araplus/raw_data/16-06-2020 105337.jpg,258,808,316,967,p0
/home/adam/Desktop/betzalel_personal/keras-retinanet/data/araplus/raw_data/16-06-2020 105337.jpg,243,181,299,291,p0
/home/adam/Desktop/betzalel_personal/keras-retinanet/data/araplus/raw_data/16-06-2020 105337.jpg,226,383,273,527,p0
/home/adam/Desktop/betzalel_personal/keras-retinanet/data/araplus/raw_data/16-06-2020 105337.jpg,151,140,220,304,p0
/home/adam/Desktop/betzalel_personal/keras-retinanet/data/araplus/raw_data/16-06-2020 105337.jpg,125,364,198,531,p0
/home/adam/Desktop/betzalel_personal/keras-retinanet/data/araplus/raw_data/16-06-2020 105337.jpg,542,174,610,307,p0
/home/adam/Desktop/betzalel_personal/keras-retinanet/data/araplus/raw_data/16-06-2020 105337.jpg,557,366,611,538,p0
/home/adam/Desktop/betzalel_personal/keras-retinanet/data/araplus/raw_data/16-06-2020 105337.jpg,298,806,356,947,p0
/home/adam/Desktop/betzalel_personal/keras-retinanet/data/araplus/raw_data/16-06-2020 105337.jpg,348,798,421,947,p0
/home/adam/Desktop/betzalel_personal/keras-retinanet/data/araplus/raw_data/16-06-2020 105337.jpg,290,175,368,298,p0
/home/adam/Desktop/betzalel_personal/keras-retinanet/data/araplus/raw_data/16-06-2020 105337.jpg,273,373,338,530,p0
/home/adam/Desktop/betzalel_personal/keras-retinanet/data/araplus/raw_data/16-06-2020 105337.jpg,417,803,473,926,p0
/home/adam/Desktop/betzalel_personal/keras-retinanet/data/araplus/raw_data/16-06-2020 105337.jpg,462,808,527,938,p0
/home/adam/Desktop/betzalel_personal/keras-retinanet/data/araplus/raw_data/16-06-2020 105337.jpg,278,594,367,742,p0
/home/adam/Desktop/betzalel_personal/keras-retinanet/data/araplus/raw_data/16-06-2020 105337.jpg,355,595,413,729,p0
/home/adam/Desktop/betzalel_personal/keras-retinanet/data/araplus/raw_data/16-06-2020 105337.jpg,414,368,477,532,p0
/home/adam/Desktop/betzalel_personal/keras-retinanet/data/araplus/raw_data/16-06-2020 105337.jpg,366,146,436,298,p0
/home/adam/Desktop/betzalel_personal/keras-retinanet/data/araplus/raw_data/16-06-2020 105337.jpg,338,370,402,540,p0
/home/adam/Desktop/betzalel_personal/keras-retinanet/data/araplus/raw_data/16-06-2020 105337.jpg,537,804,601,938,p0
/home/adam/Desktop/betzalel_personal/keras-retinanet/data/araplus/raw_data/16-06-2020 105337.jpg,593,814,666,934,p0
/home/adam/Desktop/betzalel_personal/keras-retinanet/data/araplus/raw_data/IMG_6221.jpg,1764,1006,2959,3776,p0
/home/adam/Desktop/betzalel_personal/keras-retinanet/data/araplus/raw_data/IMG_6221.jpg,785,1013,1953,3823,p0
/home/adam/Desktop/betzalel_personal/keras-retinanet/data/araplus/raw_data/IMG_6221.jpg,0,914,975,3677,p0
/home/adam/Desktop/betzalel_personal/keras-retinanet/data/araplus/raw_data/16-06-2020 105332.jpg,163,17,246,233,p0
/home/adam/Desktop/betzalel_personal/keras-retinanet/data/araplus/raw_data/16-06-2020 105332.jpg,260,11,333,239,p0
/home/adam/Desktop/betzalel_personal/keras-retinanet/data/araplus/raw_data/16-06-2020 105332.jpg,343,6,416,231,p0
/home/adam/Desktop/betzalel_personal/keras-retinanet/data/araplus/raw_data/16-06-2020 105332.jpg,423,2,503,234,p0
/home/adam/Desktop/betzalel_personal/keras-retinanet/data/araplus/raw_data/16-06-2020 105332.jpg,9,345,45,520,p0
/home/adam/Desktop/betzalel_personal/keras-retinanet/data/araplus/raw_data/16-06-2020 105332.jpg,34,331,122,513,p0
/home/adam/Desktop/betzalel_personal/keras-retinanet/data/araplus/raw_data/16-06-2020 105332.jpg,110,333,204,511,p0
/home/adam/Desktop/betzalel_personal/keras-retinanet/data/araplus/raw_data/16-06-2020 105332.jpg,193,325,268,505,p0
/home/adam/Desktop/betzalel_personal/keras-retinanet/data/araplus/raw_data/16-06-2020 105332.jpg,266,315,334,487,p0
/home/adam/Desktop/betzalel_personal/keras-retinanet/data/araplus/raw_data/16-06-2020 105332.jpg,99,27,173,246,p0
/home/adam/Desktop/betzalel_personal/keras-retinanet/data/araplus/raw_data/16-06-2020 105332.jpg,6,18,109,232,p0
/home/adam/Desktop/betzalel_personal/keras-retinanet/data/araplus/raw_data/16-06-2020 105332.jpg,338,320,412,485,p0
/home/adam/Desktop/betzalel_personal/keras-retinanet/data/araplus/raw_data/16-06-2020 105332.jpg,400,325,479,496,p0
/home/adam/Desktop/betzalel_personal/keras-retinanet/data/araplus/raw_data/16-06-2020 105335.jpg,169,363,249,559,p0
/home/adam/Desktop/betzalel_personal/keras-retinanet/data/araplus/raw_data/16-06-2020 105335.jpg,258,360,328,564,p0
/home/adam/Desktop/betzalel_personal/keras-retinanet/data/araplus/raw_data/16-06-2020 105335.jpg,233,60,333,282,p0
/home/adam/Desktop/betzalel_personal/keras-retinanet/data/araplus/raw_data/16-06-2020 105335.jpg,338,359,402,573,p0
/home/adam/Desktop/betzalel_personal/keras-retinanet/data/araplus/raw_data/16-06-2020 105335.jpg,415,358,484,569,p0
/home/adam/Desktop/betzalel_personal/keras-retinanet/data/araplus/raw_data/16-06-2020 105335.jpg,2,654,34,834,p0
/home/adam/Desktop/betzalel_personal/keras-retinanet/data/araplus/raw_data/16-06-2020 105335.jpg,328,52,416,287,p0
/home/adam/Desktop/betzalel_personal/keras-retinanet/data/araplus/raw_data/16-06-2020 105335.jpg,24,649,109,816,p0
/home/adam/Desktop/betzalel_personal/keras-retinanet/data/araplus/raw_data/16-06-2020 105335.jpg,99,659,192,808,p0
/home/adam/Desktop/betzalel_personal/keras-retinanet/data/araplus/raw_data/16-06-2020 105335.jpg,7,82,24,252,p0
/home/adam/Desktop/betzalel_personal/keras-retinanet/data/araplus/raw_data/16-06-2020 105335.jpg,181,634,259,806,p0
/home/adam/Desktop/betzalel_personal/keras-retinanet/data/araplus/raw_data/16-06-2020 105335.jpg,243,633,326,788,p0
/home/adam/Desktop/betzalel_personal/keras-retinanet/data/araplus/raw_data/16-06-2020 105335.jpg,2,363,100,565,p0
/home/adam/Desktop/betzalel_personal/keras-retinanet/data/araplus/raw_data/16-06-2020 105335.jpg,79,360,177,555,p0
/home/adam/Desktop/betzalel_personal/keras-retinanet/data/araplus/raw_data/16-06-2020 105335.jpg,129,52,228,252,p0
/home/adam/Desktop/betzalel_personal/keras-retinanet/data/araplus/raw_data/16-06-2020 105335.jpg,18,46,121,271,p0
/home/adam/Desktop/betzalel_personal/keras-retinanet/data/araplus/raw_data/16-06-2020 105335.jpg,320,631,388,788,p0
/home/adam/Desktop/betzalel_personal/keras-retinanet/data/araplus/raw_data/16-06-2020 105335.jpg,390,629,458,777,p0
/home/adam/Desktop/betzalel_personal/keras-retinanet/data/araplus/raw_data/16-06-2020 105357.jpg,377,554,477,879,p0
/home/adam/Desktop/betzalel_personal/keras-retinanet/data/araplus/raw_data/16-06-2020 105357.jpg,490,539,612,866,p0
/home/adam/Desktop/betzalel_personal/keras-retinanet/data/araplus/raw_data/16-06-2020 105357.jpg,516,12,651,386,p0
/home/adam/Desktop/betzalel_personal/keras-retinanet/data/araplus/raw_data/16-06-2020 105357.jpg,661,544,821,937,p0
/home/adam/Desktop/betzalel_personal/keras-retinanet/data/araplus/raw_data/16-06-2020 105357.jpg,0,562,64,893,p0
/home/adam/Desktop/betzalel_personal/keras-retinanet/data/araplus/raw_data/16-06-2020 105357.jpg,0,104,44,417,p0
/home/adam/Desktop/betzalel_personal/keras-retinanet/data/araplus/raw_data/16-06-2020 105357.jpg,687,7,832,411,p0
/home/adam/Desktop/betzalel_personal/keras-retinanet/data/araplus/raw_data/16-06-2020 105357.jpg,141,1077,249,1248,p0
/home/adam/Desktop/betzalel_personal/keras-retinanet/data/araplus/raw_data/16-06-2020 105357.jpg,256,1062,382,1247,p0
/home/adam/Desktop/betzalel_personal/keras-retinanet/data/araplus/raw_data/16-06-2020 105357.jpg,65,72,155,395,p0
/home/adam/Desktop/betzalel_personal/keras-retinanet/data/araplus/raw_data/16-06-2020 105357.jpg,397,1073,497,1232,p0
/home/adam/Desktop/betzalel_personal/keras-retinanet/data/araplus/raw_data/16-06-2020 105357.jpg,507,1072,612,1229,p0
/home/adam/Desktop/betzalel_personal/keras-retinanet/data/araplus/raw_data/16-06-2020 105357.jpg,119,579,259,910,p0
/home/adam/Desktop/betzalel_personal/keras-retinanet/data/araplus/raw_data/16-06-2020 105357.jpg,256,542,364,865,p0
/home/adam/Desktop/betzalel_personal/keras-retinanet/data/araplus/raw_data/16-06-2020 105357.jpg,334,7,479,398,p0
/home/adam/Desktop/betzalel_personal/keras-retinanet/data/araplus/raw_data/16-06-2020 105357.jpg,129,17,308,381,p0
/home/adam/Desktop/betzalel_personal/keras-retinanet/data/araplus/raw_data/16-06-2020 105357.jpg,629,1079,717,1236,p0
/home/adam/Desktop/betzalel_personal/keras-retinanet/data/araplus/raw_data/16-06-2020 105357.jpg,741,1079,820,1244,p0
/home/adam/Desktop/betzalel_personal/keras-retinanet/data/araplus/raw_data/16-06-2020 130409.jpg,481,189,575,491,p0
/home/adam/Desktop/betzalel_personal/keras-retinanet/data/araplus/raw_data/16-06-2020 130409.jpg,379,325,485,544,p0
/home/adam/Desktop/betzalel_personal/keras-retinanet/data/araplus/raw_data/16-06-2020 130409.jpg,271,331,372,474,p0
/home/adam/Desktop/betzalel_personal/keras-retinanet/data/araplus/raw_data/16-06-2020 130409.jpg,92,220,243,533,p0
/home/adam/Desktop/betzalel_personal/keras-retinanet/data/araplus/raw_data/16-06-2020 130409.jpg,451,618,538,798,p0
/home/adam/Desktop/betzalel_personal/keras-retinanet/data/araplus/raw_data/16-06-2020 130409.jpg,384,620,452,775,p0
/home/adam/Desktop/betzalel_personal/keras-retinanet/data/araplus/raw_data/16-06-2020 130409.jpg,305,625,382,769,p0
/home/adam/Desktop/betzalel_personal/keras-retinanet/data/araplus/raw_data/16-06-2020 130409.jpg,233,678,308,781,p0
/home/adam/Desktop/betzalel_personal/keras-retinanet/data/araplus/raw_data/16-06-2020 105552.jpg,6,7,223,664,p0
/home/adam/Desktop/betzalel_personal/keras-retinanet/data/araplus/raw_data/16-06-2020 105552.jpg,288,28,741,660,p0
/home/adam/Desktop/betzalel_personal/keras-retinanet/data/araplus/raw_data/16-06-2020 105452.jpg,318,430,455,868,p0
/home/adam/Desktop/betzalel_personal/keras-retinanet/data/araplus/raw_data/16-06-2020 105452.jpg,54,334,242,896,p0
/home/adam/Desktop/betzalel_personal/keras-retinanet/data/araplus/raw_data/16-06-2020 105452.jpg,142,14,294,102,p0
/home/adam/Desktop/betzalel_personal/keras-retinanet/data/araplus/raw_data/16-06-2020 105452.jpg,422,390,631,866,p0
/home/adam/Desktop/betzalel_personal/keras-retinanet/data/araplus/raw_data/16-06-2020 105452.jpg,681,370,821,893,p0
/home/adam/Desktop/betzalel_personal/keras-retinanet/data/araplus/raw_data/IMG_6237.jpg,2732,1197,3018,3417,p0
/home/adam/Desktop/betzalel_personal/keras-retinanet/data/araplus/raw_data/IMG_6237.jpg,2271,1334,2868,3228,p0
/home/adam/Desktop/betzalel_personal/keras-retinanet/data/araplus/raw_data/IMG_6237.jpg,1674,1345,2251,3182,p0
/home/adam/Desktop/betzalel_personal/keras-retinanet/data/araplus/raw_data/IMG_6237.jpg,1045,1308,1661,3125,p0
/home/adam/Desktop/betzalel_personal/keras-retinanet/data/araplus/raw_data/IMG_6237.jpg,643,1319,1067,3131,p0
/home/adam/Desktop/betzalel_personal/keras-retinanet/data/araplus/raw_data/16-06-2020 105651.jpg,647,676,737,935,p0
/home/adam/Desktop/betzalel_personal/keras-retinanet/data/araplus/raw_data/16-06-2020 105651.jpg,747,671,821,923,p0
/home/adam/Desktop/betzalel_personal/keras-retinanet/data/araplus/raw_data/16-06-2020 105651.jpg,457,684,567,942,p0
/home/adam/Desktop/betzalel_personal/keras-retinanet/data/araplus/raw_data/16-06-2020 105651.jpg,541,686,656,937,p0
/home/adam/Desktop/betzalel_personal/keras-retinanet/data/araplus/raw_data/16-06-2020 105651.jpg,562,13,656,114,p0
/home/adam/Desktop/betzalel_personal/keras-retinanet/data/araplus/raw_data/16-06-2020 105651.jpg,544,265,642,552,p0
/home/adam/Desktop/betzalel_personal/keras-retinanet/data/araplus/raw_data/16-06-2020 105651.jpg,687,1097,757,1237,p0
/home/adam/Desktop/betzalel_personal/keras-retinanet/data/araplus/raw_data/16-06-2020 105651.jpg,776,1102,820,1235,p0
/home/adam/Desktop/betzalel_personal/keras-retinanet/data/araplus/raw_data/16-06-2020 105651.jpg,701,250,776,577,p0
/home/adam/Desktop/betzalel_personal/keras-retinanet/data/araplus/raw_data/16-06-2020 105651.jpg,387,305,492,584,p0
/home/adam/Desktop/betzalel_personal/keras-retinanet/data/araplus/raw_data/16-06-2020 105651.jpg,201,733,336,1043,p0
/home/adam/Desktop/betzalel_personal/keras-retinanet/data/araplus/raw_data/16-06-2020 105651.jpg,315,709,442,958,p0
/home/adam/Desktop/betzalel_personal/keras-retinanet/data/araplus/raw_data/16-06-2020 105651.jpg,492,1112,560,1248,p0
/home/adam/Desktop/betzalel_personal/keras-retinanet/data/araplus/raw_data/16-06-2020 105651.jpg,584,1121,662,1236,p0
/home/adam/Desktop/betzalel_personal/keras-retinanet/data/araplus/raw_data/16-06-2020 105651.jpg,158,1,273,135,p0
/home/adam/Desktop/betzalel_personal/keras-retinanet/data/araplus/raw_data/16-06-2020 105651.jpg,144,276,249,589,p0
/home/adam/Desktop/betzalel_personal/keras-retinanet/data/araplus/raw_data/16-06-2020 105651.jpg,318,0,407,122,p0
/home/adam/Desktop/betzalel_personal/keras-retinanet/data/araplus/raw_data/16-06-2020 105651.jpg,308,330,367,580,p0
/home/adam/Desktop/betzalel_personal/keras-retinanet/data/araplus/raw_data/16-06-2020 105651.jpg,730,9,813,117,p0
/home/adam/Desktop/betzalel_personal/keras-retinanet/data/araplus/raw_data/16-06-2020 130715.jpg,611,916,743,1238,p0
/home/adam/Desktop/betzalel_personal/keras-retinanet/data/araplus/raw_data/16-06-2020 130715.jpg,450,133,634,775,p0
/home/adam/Desktop/betzalel_personal/keras-retinanet/data/araplus/raw_data/16-06-2020 130715.jpg,638,131,795,694,p0
/home/adam/Desktop/betzalel_personal/keras-retinanet/data/araplus/raw_data/16-06-2020 130707.jpg,270,179,529,982,p0
/home/adam/Desktop/betzalel_personal/keras-retinanet/data/araplus/raw_data/16-06-2020 130707.jpg,528,157,789,977,p0
/home/adam/Desktop/betzalel_personal/keras-retinanet/data/araplus/raw_data/16-06-2020 130707.jpg,417,1125,552,1248,p0
/home/adam/Desktop/betzalel_personal/keras-retinanet/data/araplus/raw_data/16-06-2020 130707.jpg,565,1130,718,1248,p0
/home/adam/Desktop/betzalel_personal/keras-retinanet/data/araplus/raw_data/IMG_6224.jpg,1925,1,2457,1405,p0
/home/adam/Desktop/betzalel_personal/keras-retinanet/data/araplus/raw_data/IMG_6224.jpg,1400,0,1995,1454,p0
/home/adam/Desktop/betzalel_personal/keras-retinanet/data/araplus/raw_data/IMG_6224.jpg,897,0,1498,1419,p0
/home/adam/Desktop/betzalel_personal/keras-retinanet/data/araplus/raw_data/IMG_6224.jpg,365,0,933,1355,p0
/home/adam/Desktop/betzalel_personal/keras-retinanet/data/araplus/raw_data/IMG_6224.jpg,498,2208,953,3719,p0
/home/adam/Desktop/betzalel_personal/keras-retinanet/data/araplus/raw_data/IMG_6224.jpg,982,2334,1422,3824,p0
/home/adam/Desktop/betzalel_personal/keras-retinanet/data/araplus/raw_data/IMG_6224.jpg,1379,2341,1904,3977,p0
/home/adam/Desktop/betzalel_personal/keras-retinanet/data/araplus/raw_data/IMG_6224.jpg,1904,2432,2422,3992,p0
/home/adam/Desktop/betzalel_personal/keras-retinanet/data/araplus/raw_data/16-06-2020 105642.jpg,70,241,294,754,p0
/home/adam/Desktop/betzalel_personal/keras-retinanet/data/araplus/raw_data/16-06-2020 105642.jpg,101,963,283,1246,p0
/home/adam/Desktop/betzalel_personal/keras-retinanet/data/araplus/raw_data/16-06-2020 105642.jpg,310,176,518,782,p0
/home/adam/Desktop/betzalel_personal/keras-retinanet/data/araplus/raw_data/16-06-2020 105642.jpg,19,972,75,1237,p0
/home/adam/Desktop/betzalel_personal/keras-retinanet/data/araplus/raw_data/IMG_6230.jpg,113,250,1058,3061,p0
/home/adam/Desktop/betzalel_personal/keras-retinanet/data/araplus/raw_data/IMG_6230.jpg,974,222,1925,3103,p0
/home/adam/Desktop/betzalel_personal/keras-retinanet/data/araplus/raw_data/IMG_6230.jpg,1834,215,2702,3069,p0
/home/adam/Desktop/betzalel_personal/keras-retinanet/data/araplus/raw_data/16-06-2020 130724.jpg,529,417,649,814,p0
/home/adam/Desktop/betzalel_personal/keras-retinanet/data/araplus/raw_data/16-06-2020 130724.jpg,366,381,510,842,p0
/home/adam/Desktop/betzalel_personal/keras-retinanet/data/araplus/raw_data/16-06-2020 130724.jpg,230,391,361,822,p0
/home/adam/Desktop/betzalel_personal/keras-retinanet/data/araplus/raw_data/16-06-2020 130724.jpg,111,398,228,805,p0
/home/adam/Desktop/betzalel_personal/keras-retinanet/data/araplus/raw_data/16-06-2020 130724.jpg,323,0,438,172,p0
/home/adam/Desktop/betzalel_personal/keras-retinanet/data/araplus/raw_data/16-06-2020 130724.jpg,446,0,567,148,p0
/home/adam/Desktop/betzalel_personal/keras-retinanet/data/araplus/raw_data/16-06-2020 130724.jpg,626,0,751,124,p0
/home/adam/Desktop/betzalel_personal/keras-retinanet/data/araplus/raw_data/16-06-2020 105607.jpg,24,253,212,636,p0
/home/adam/Desktop/betzalel_personal/keras-retinanet/data/araplus/raw_data/16-06-2020 105607.jpg,267,395,402,645,p0
/home/adam/Desktop/betzalel_personal/keras-retinanet/data/araplus/raw_data/16-06-2020 105607.jpg,223,863,373,1248,p0
/home/adam/Desktop/betzalel_personal/keras-retinanet/data/araplus/raw_data/16-06-2020 105607.jpg,376,393,550,618,p0
/home/adam/Desktop/betzalel_personal/keras-retinanet/data/araplus/raw_data/16-06-2020 105607.jpg,371,864,555,1242,p0
/home/adam/Desktop/betzalel_personal/keras-retinanet/data/araplus/raw_data/16-06-2020 105607.jpg,591,286,785,630,p0
/home/adam/Desktop/betzalel_personal/keras-retinanet/data/araplus/raw_data/16-06-2020 105607.jpg,554,855,825,1248,p0
/home/adam/Desktop/betzalel_personal/keras-retinanet/data/araplus/raw_data/IMG_6225.jpg,730,754,1506,2935,p0
/home/adam/Desktop/betzalel_personal/keras-retinanet/data/araplus/raw_data/IMG_6225.jpg,1491,852,2198,3111,p0
/home/adam/Desktop/betzalel_personal/keras-retinanet/data/araplus/raw_data/IMG_6225.jpg,2247,894,3009,3286,p0
/home/adam/Desktop/betzalel_personal/keras-retinanet/data/araplus/raw_data/16-06-2020 130412.jpg,213,0,371,148,p0
/home/adam/Desktop/betzalel_personal/keras-retinanet/data/araplus/raw_data/16-06-2020 130412.jpg,575,0,758,185,p0
/home/adam/Desktop/betzalel_personal/keras-retinanet/data/araplus/raw_data/16-06-2020 130412.jpg,604,319,745,590,p0
/home/adam/Desktop/betzalel_personal/keras-retinanet/data/araplus/raw_data/16-06-2020 130412.jpg,514,305,649,562,p0
/home/adam/Desktop/betzalel_personal/keras-retinanet/data/araplus/raw_data/16-06-2020 130412.jpg,428,299,536,536,p0
/home/adam/Desktop/betzalel_personal/keras-retinanet/data/araplus/raw_data/16-06-2020 130412.jpg,335,421,424,543,p0
/home/adam/Desktop/betzalel_personal/keras-retinanet/data/araplus/raw_data/IMG_6223.jpg,560,0,1024,1339,p0
/home/adam/Desktop/betzalel_personal/keras-retinanet/data/araplus/raw_data/IMG_6223.jpg,1062,0,1523,1355,p0
/home/adam/Desktop/betzalel_personal/keras-retinanet/data/araplus/raw_data/IMG_6223.jpg,1514,0,2000,1353,p0
/home/adam/Desktop/betzalel_personal/keras-retinanet/data/araplus/raw_data/IMG_6223.jpg,1965,0,2400,1323,p0
/home/adam/Desktop/betzalel_personal/keras-retinanet/data/araplus/raw_data/IMG_6223.jpg,1805,2226,2309,3575,p0
/home/adam/Desktop/betzalel_personal/keras-retinanet/data/araplus/raw_data/IMG_6223.jpg,1400,2235,1813,3528,p0
/home/adam/Desktop/betzalel_personal/keras-retinanet/data/araplus/raw_data/IMG_6223.jpg,919,2175,1404,3497,p0
/home/adam/Desktop/betzalel_personal/keras-retinanet/data/araplus/raw_data/IMG_6223.jpg,586,2111,949,3399,p0
/home/adam/Desktop/betzalel_personal/keras-retinanet/data/araplus/raw_data/IMG_6242.jpg,0,1249,637,3716,p0
/home/adam/Desktop/betzalel_personal/keras-retinanet/data/araplus/raw_data/IMG_6242.jpg,603,1202,1342,3471,p0
/home/adam/Desktop/betzalel_personal/keras-retinanet/data/araplus/raw_data/IMG_6242.jpg,1423,1163,2237,3466,p0
/home/adam/Desktop/betzalel_personal/keras-retinanet/data/araplus/raw_data/IMG_6242.jpg,2224,1090,2864,3254,p0
/home/adam/Desktop/betzalel_personal/keras-retinanet/data/araplus/raw_data/IMG_6242.jpg,596,1165,1386,3460,p0
/home/adam/Desktop/betzalel_personal/keras-retinanet/data/araplus/raw_data/IMG_6242.jpg,889,1034,890,1035,p0
/home/adam/Desktop/betzalel_personal/keras-retinanet/data/araplus/raw_data/16-06-2020 130449.jpg,756,69,832,403,p0
/home/adam/Desktop/betzalel_personal/keras-retinanet/data/araplus/raw_data/16-06-2020 130827.jpg,0,0,333,764,p0
/home/adam/Desktop/betzalel_personal/keras-retinanet/data/araplus/raw_data/16-06-2020 130827.jpg,209,0,539,733,p0
/home/adam/Desktop/betzalel_personal/keras-retinanet/data/araplus/raw_data/16-06-2020 130827.jpg,273,939,480,1248,p0
/home/adam/Desktop/betzalel_personal/keras-retinanet/data/araplus/raw_data/16-06-2020 130827.jpg,430,919,598,1248,p0
/home/adam/Desktop/betzalel_personal/keras-retinanet/data/araplus/raw_data/16-06-2020 130827.jpg,83,1020,279,1248,p0
/home/adam/Desktop/betzalel_personal/keras-retinanet/data/araplus/raw_data/16-06-2020 130756.jpg,552,382,667,723,p0
/home/adam/Desktop/betzalel_personal/keras-retinanet/data/araplus/raw_data/16-06-2020 130756.jpg,316,880,463,1248,p0
/home/adam/Desktop/betzalel_personal/keras-retinanet/data/araplus/raw_data/16-06-2020 130756.jpg,438,884,572,1248,p0
/home/adam/Desktop/betzalel_personal/keras-retinanet/data/araplus/raw_data/16-06-2020 130756.jpg,550,896,686,1248,p0
/home/adam/Desktop/betzalel_personal/keras-retinanet/data/araplus/raw_data/16-06-2020 130756.jpg,118,399,224,694,p0
/home/adam/Desktop/betzalel_personal/keras-retinanet/data/araplus/raw_data/16-06-2020 130756.jpg,664,437,743,744,p0
/home/adam/Desktop/betzalel_personal/keras-retinanet/data/araplus/raw_data/16-06-2020 130503.jpg,452,879,587,1248,p0
/home/adam/Desktop/betzalel_personal/keras-retinanet/data/araplus/raw_data/16-06-2020 130503.jpg,167,292,334,760,p0
/home/adam/Desktop/betzalel_personal/keras-retinanet/data/araplus/raw_data/16-06-2020 130503.jpg,317,279,475,747,p0
/home/adam/Desktop/betzalel_personal/keras-retinanet/data/araplus/raw_data/16-06-2020 130503.jpg,466,336,593,709,p0
/home/adam/Desktop/betzalel_personal/keras-retinanet/data/araplus/raw_data/16-06-2020 130503.jpg,567,391,628,687,p0
/home/adam/Desktop/betzalel_personal/keras-retinanet/data/araplus/raw_data/16-06-2020 130503.jpg,342,974,497,1248,p0
/home/adam/Desktop/betzalel_personal/keras-retinanet/data/araplus/raw_data/16-06-2020 130650.jpg,669,255,832,1074,p0
/home/adam/Desktop/betzalel_personal/keras-retinanet/data/araplus/raw_data/16-06-2020 130650.jpg,390,262,630,949,p0
/home/adam/Desktop/betzalel_personal/keras-retinanet/data/araplus/raw_data/16-06-2020 130650.jpg,139,270,377,927,p0
/home/adam/Desktop/betzalel_personal/keras-retinanet/data/araplus/raw_data/16-06-2020 105825.jpg,572,471,635,685,p0
/home/adam/Desktop/betzalel_personal/keras-retinanet/data/araplus/raw_data/16-06-2020 105825.jpg,649,460,722,670,p0
/home/adam/Desktop/betzalel_personal/keras-retinanet/data/araplus/raw_data/16-06-2020 105825.jpg,397,480,462,652,p0
/home/adam/Desktop/betzalel_personal/keras-retinanet/data/araplus/raw_data/16-06-2020 105825.jpg,470,481,528,655,p0
/home/adam/Desktop/betzalel_personal/keras-retinanet/data/araplus/raw_data/16-06-2020 105825.jpg,479,172,558,384,p0
/home/adam/Desktop/betzalel_personal/keras-retinanet/data/araplus/raw_data/16-06-2020 105825.jpg,260,480,339,669,p0
/home/adam/Desktop/betzalel_personal/keras-retinanet/data/araplus/raw_data/16-06-2020 105825.jpg,314,472,407,652,p0
/home/adam/Desktop/betzalel_personal/keras-retinanet/data/araplus/raw_data/16-06-2020 105825.jpg,291,182,375,399,p0
/home/adam/Desktop/betzalel_personal/keras-retinanet/data/araplus/raw_data/16-06-2020 105825.jpg,330,3,418,66,p0
/home/adam/Desktop/betzalel_personal/keras-retinanet/data/araplus/raw_data/16-06-2020 105825.jpg,410,736,479,903,p0
/home/adam/Desktop/betzalel_personal/keras-retinanet/data/araplus/raw_data/16-06-2020 105825.jpg,473,724,543,873,p0
/home/adam/Desktop/betzalel_personal/keras-retinanet/data/araplus/raw_data/16-06-2020 105825.jpg,390,176,463,376,p0
/home/adam/Desktop/betzalel_personal/keras-retinanet/data/araplus/raw_data/16-06-2020 105825.jpg,258,739,323,929,p0
/home/adam/Desktop/betzalel_personal/keras-retinanet/data/araplus/raw_data/16-06-2020 105825.jpg,330,731,410,909,p0
/home/adam/Desktop/betzalel_personal/keras-retinanet/data/araplus/raw_data/16-06-2020 105825.jpg,228,206,289,395,p0
/home/adam/Desktop/betzalel_personal/keras-retinanet/data/araplus/raw_data/16-06-2020 105825.jpg,55,477,134,665,p0
/home/adam/Desktop/betzalel_personal/keras-retinanet/data/araplus/raw_data/16-06-2020 105825.jpg,155,477,229,666,p0
/home/adam/Desktop/betzalel_personal/keras-retinanet/data/araplus/raw_data/16-06-2020 105825.jpg,53,2,126,82,p0
/home/adam/Desktop/betzalel_personal/keras-retinanet/data/araplus/raw_data/16-06-2020 105825.jpg,19,169,134,386,p0
/home/adam/Desktop/betzalel_personal/keras-retinanet/data/araplus/raw_data/16-06-2020 105825.jpg,69,757,144,928,p0
/home/adam/Desktop/betzalel_personal/keras-retinanet/data/araplus/raw_data/16-06-2020 105825.jpg,178,744,224,924,p0
/home/adam/Desktop/betzalel_personal/keras-retinanet/data/araplus/raw_data/16-06-2020 105825.jpg,169,9,249,72,p0
/home/adam/Desktop/betzalel_personal/keras-retinanet/data/araplus/raw_data/16-06-2020 105825.jpg,163,205,209,390,p0
/home/adam/Desktop/betzalel_personal/keras-retinanet/data/araplus/raw_data/16-06-2020 105825.jpg,537,743,636,906,p0
/home/adam/Desktop/betzalel_personal/keras-retinanet/data/araplus/raw_data/16-06-2020 105825.jpg,599,748,688,905,p0
/home/adam/Desktop/betzalel_personal/keras-retinanet/data/araplus/raw_data/16-06-2020 105825.jpg,563,4,626,69,p0
/home/adam/Desktop/betzalel_personal/keras-retinanet/data/araplus/raw_data/16-06-2020 105825.jpg,569,174,637,385,p0
/home/adam/Desktop/betzalel_personal/keras-retinanet/data/araplus/raw_data/16-06-2020 105825.jpg,482,1,535,75,p0
/home/adam/Desktop/betzalel_personal/keras-retinanet/data/araplus/raw_data/16-06-2020 105825.jpg,258,7,311,83,p0
/home/adam/Desktop/betzalel_personal/keras-retinanet/data/araplus/raw_data/IMG_6231.jpg,421,146,1331,3103,p0
/home/adam/Desktop/betzalel_personal/keras-retinanet/data/araplus/raw_data/IMG_6231.jpg,1358,166,2379,3187,p0
/home/adam/Desktop/betzalel_personal/keras-retinanet/data/araplus/raw_data/IMG_6231.jpg,2260,216,3024,3278,p0
/home/adam/Desktop/betzalel_personal/keras-retinanet/data/araplus/raw_data/16-06-2020 105733.jpg,114,390,378,779,p0
/home/adam/Desktop/betzalel_personal/keras-retinanet/data/araplus/raw_data/16-06-2020 105733.jpg,305,353,528,749,p0
/home/adam/Desktop/betzalel_personal/keras-retinanet/data/araplus/raw_data/16-06-2020 105733.jpg,0,407,99,920,p0
/home/adam/Desktop/betzalel_personal/keras-retinanet/data/araplus/raw_data/16-06-2020 105733.jpg,506,319,683,705,p0
/home/adam/Desktop/betzalel_personal/keras-retinanet/data/araplus/raw_data/16-06-2020 105733.jpg,678,301,800,675,p0
/home/adam/Desktop/betzalel_personal/keras-retinanet/data/araplus/raw_data/IMG_6232.jpg,1,1203,481,3136,p0
/home/adam/Desktop/betzalel_personal/keras-retinanet/data/araplus/raw_data/IMG_6232.jpg,585,1295,1177,3224,p0
/home/adam/Desktop/betzalel_personal/keras-retinanet/data/araplus/raw_data/IMG_6232.jpg,1246,1398,1852,3246,p0
/home/adam/Desktop/betzalel_personal/keras-retinanet/data/araplus/raw_data/IMG_6232.jpg,2087,1552,2701,3485,p0
/home/adam/Desktop/betzalel_personal/keras-retinanet/data/araplus/raw_data/IMG_6217.jpg,0,53,619,2035,p0
/home/adam/Desktop/betzalel_personal/keras-retinanet/data/araplus/raw_data/IMG_6217.jpg,593,126,1311,2113,p0
/home/adam/Desktop/betzalel_personal/keras-retinanet/data/araplus/raw_data/IMG_6217.jpg,1304,171,2021,2114,p0
/home/adam/Desktop/betzalel_personal/keras-retinanet/data/araplus/raw_data/IMG_6217.jpg,2077,125,2811,2359,p0
/home/adam/Desktop/betzalel_personal/keras-retinanet/data/araplus/raw_data/IMG_6217.jpg,708,2600,1240,3858,p0
/home/adam/Desktop/betzalel_personal/keras-retinanet/data/araplus/raw_data/IMG_6217.jpg,1204,2593,1757,3930,p0
/home/adam/Desktop/betzalel_personal/keras-retinanet/data/araplus/raw_data/IMG_6217.jpg,1757,2636,2267,4020,p0
/home/adam/Desktop/betzalel_personal/keras-retinanet/data/araplus/raw_data/IMG_6217.jpg,2232,2656,2743,3964,p0
/home/adam/Desktop/betzalel_personal/keras-retinanet/data/araplus/raw_data/16-06-2020 130517.jpg,629,775,728,1015,p0
/home/adam/Desktop/betzalel_personal/keras-retinanet/data/araplus/raw_data/16-06-2020 130517.jpg,729,767,766,936,p0
/home/adam/Desktop/betzalel_personal/keras-retinanet/data/araplus/raw_data/16-06-2020 130517.jpg,639,211,744,591,p0
/home/adam/Desktop/betzalel_personal/keras-retinanet/data/araplus/raw_data/16-06-2020 130517.jpg,739,200,809,553,p0
/home/adam/Desktop/betzalel_personal/keras-retinanet/data/araplus/raw_data/16-06-2020 130517.jpg,262,733,363,1030,p0
/home/adam/Desktop/betzalel_personal/keras-retinanet/data/araplus/raw_data/16-06-2020 130517.jpg,153,746,284,1060,p0
/home/adam/Desktop/betzalel_personal/keras-retinanet/data/araplus/raw_data/16-06-2020 130517.jpg,51,746,156,1005,p0
/home/adam/Desktop/betzalel_personal/keras-retinanet/data/araplus/raw_data/16-06-2020 130517.jpg,162,239,329,655,p0
/home/adam/Desktop/betzalel_personal/keras-retinanet/data/araplus/raw_data/16-06-2020 130517.jpg,28,257,212,647,p0
/home/adam/Desktop/betzalel_personal/keras-retinanet/data/araplus/raw_data/16-06-2020 130517.jpg,663,419,664,420,p0
/home/adam/Desktop/betzalel_personal/keras-retinanet/data/araplus/raw_data/IMG_6218.jpg,829,0,1668,2145,p0
/home/adam/Desktop/betzalel_personal/keras-retinanet/data/araplus/raw_data/IMG_6218.jpg,1666,32,2589,2253,p0
/home/adam/Desktop/betzalel_personal/keras-retinanet/data/araplus/raw_data/IMG_6218.jpg,2349,55,3024,2168,p0
/home/adam/Desktop/betzalel_personal/keras-retinanet/data/araplus/raw_data/IMG_6218.jpg,1044,3248,1585,3990,p0
/home/adam/Desktop/betzalel_personal/keras-retinanet/data/araplus/raw_data/IMG_6218.jpg,1581,2752,2245,4029,p0
/home/adam/Desktop/betzalel_personal/keras-retinanet/data/araplus/raw_data/IMG_6218.jpg,2083,2841,2896,3941,p0
/home/adam/Desktop/betzalel_personal/keras-retinanet/data/araplus/raw_data/IMG_6218.jpg,2694,2899,3024,3992,p0
/home/adam/Desktop/betzalel_personal/keras-retinanet/data/araplus/raw_data/16-06-2020 130410.jpg,142,209,283,529,p0
/home/adam/Desktop/betzalel_personal/keras-retinanet/data/araplus/raw_data/16-06-2020 130410.jpg,327,345,415,477,p0
/home/adam/Desktop/betzalel_personal/keras-retinanet/data/araplus/raw_data/16-06-2020 130410.jpg,416,342,531,552,p0
/home/adam/Desktop/betzalel_personal/keras-retinanet/data/araplus/raw_data/16-06-2020 130410.jpg,522,202,633,498,p0
/home/adam/Desktop/betzalel_personal/keras-retinanet/data/araplus/raw_data/16-06-2020 130410.jpg,270,707,337,777,p0
/home/adam/Desktop/betzalel_personal/keras-retinanet/data/araplus/raw_data/16-06-2020 130410.jpg,340,628,414,767,p0
/home/adam/Desktop/betzalel_personal/keras-retinanet/data/araplus/raw_data/16-06-2020 130410.jpg,419,625,493,780,p0
/home/adam/Desktop/betzalel_personal/keras-retinanet/data/araplus/raw_data/16-06-2020 130410.jpg,485,631,563,803,p0
/home/adam/Desktop/betzalel_personal/keras-retinanet/data/araplus/raw_data/16-06-2020 130419.jpg,265,147,432,608,p0
/home/adam/Desktop/betzalel_personal/keras-retinanet/data/araplus/raw_data/16-06-2020 130419.jpg,490,360,636,540,p0
/home/adam/Desktop/betzalel_personal/keras-retinanet/data/araplus/raw_data/16-06-2020 130419.jpg,630,365,832,662,p0
/home/adam/Desktop/betzalel_personal/keras-retinanet/data/araplus/raw_data/16-06-2020 130419.jpg,0,731,146,931,p0
/home/adam/Desktop/betzalel_personal/keras-retinanet/data/araplus/raw_data/16-06-2020 130419.jpg,480,753,572,893,p0
/home/adam/Desktop/betzalel_personal/keras-retinanet/data/araplus/raw_data/16-06-2020 130419.jpg,572,757,657,914,p0
/home/adam/Desktop/betzalel_personal/keras-retinanet/data/araplus/raw_data/16-06-2020 130419.jpg,661,767,793,960,p0
/home/adam/Desktop/betzalel_personal/keras-retinanet/data/araplus/raw_data/16-06-2020 130502.jpg,611,724,707,1146,p0
/home/adam/Desktop/betzalel_personal/keras-retinanet/data/araplus/raw_data/16-06-2020 130502.jpg,325,132,457,523,p0
/home/adam/Desktop/betzalel_personal/keras-retinanet/data/araplus/raw_data/16-06-2020 130502.jpg,459,124,599,519,p0
/home/adam/Desktop/betzalel_personal/keras-retinanet/data/araplus/raw_data/16-06-2020 130502.jpg,144,751,302,1248,p0
/home/adam/Desktop/betzalel_personal/keras-retinanet/data/araplus/raw_data/16-06-2020 130502.jpg,301,738,448,1248,p0
/home/adam/Desktop/betzalel_personal/keras-retinanet/data/araplus/raw_data/16-06-2020 130502.jpg,468,731,633,1243,p0
/home/adam/Desktop/betzalel_personal/keras-retinanet/data/araplus/raw_data/16-06-2020 130502.jpg,580,214,695,519,p0
/home/adam/Desktop/betzalel_personal/keras-retinanet/data/araplus/raw_data/16-06-2020 130446.jpg,598,239,715,668,p0
/home/adam/Desktop/betzalel_personal/keras-retinanet/data/araplus/raw_data/16-06-2020 130446.jpg,433,177,614,713,p0
/home/adam/Desktop/betzalel_personal/keras-retinanet/data/araplus/raw_data/16-06-2020 130446.jpg,255,205,442,717,p0
/home/adam/Desktop/betzalel_personal/keras-retinanet/data/araplus/raw_data/16-06-2020 130446.jpg,99,218,283,717,p0
/home/adam/Desktop/betzalel_personal/keras-retinanet/data/araplus/raw_data/16-06-2020 130815.jpg,120,891,312,1248,p0
/home/adam/Desktop/betzalel_personal/keras-retinanet/data/araplus/raw_data/16-06-2020 130815.jpg,317,827,486,1248,p0
/home/adam/Desktop/betzalel_personal/keras-retinanet/data/araplus/raw_data/16-06-2020 130815.jpg,0,0,196,539,p0
/home/adam/Desktop/betzalel_personal/keras-retinanet/data/araplus/raw_data/IMG_6243.jpg,1608,886,2392,3040,p0
/home/adam/Desktop/betzalel_personal/keras-retinanet/data/araplus/raw_data/IMG_6243.jpg,781,984,1668,3103,p0
/home/adam/Desktop/betzalel_personal/keras-retinanet/data/araplus/raw_data/IMG_6243.jpg,121,998,927,3033,p0
/home/adam/Desktop/betzalel_personal/keras-retinanet/data/araplus/raw_data/16-06-2020 105330.jpg,166,42,234,258,p0
/home/adam/Desktop/betzalel_personal/keras-retinanet/data/araplus/raw_data/16-06-2020 105330.jpg,245,33,324,249,p0
/home/adam/Desktop/betzalel_personal/keras-retinanet/data/araplus/raw_data/16-06-2020 105330.jpg,335,27,415,246,p0
/home/adam/Desktop/betzalel_personal/keras-retinanet/data/araplus/raw_data/16-06-2020 105330.jpg,421,21,494,246,p0
/home/adam/Desktop/betzalel_personal/keras-retinanet/data/araplus/raw_data/16-06-2020 105330.jpg,0,348,47,529,p0
/home/adam/Desktop/betzalel_personal/keras-retinanet/data/araplus/raw_data/16-06-2020 105330.jpg,29,350,127,539,p0
/home/adam/Desktop/betzalel_personal/keras-retinanet/data/araplus/raw_data/16-06-2020 105330.jpg,109,352,208,507,p0
/home/adam/Desktop/betzalel_personal/keras-retinanet/data/araplus/raw_data/16-06-2020 105330.jpg,193,335,276,502,p0
/home/adam/Desktop/betzalel_personal/keras-retinanet/data/araplus/raw_data/16-06-2020 105330.jpg,264,321,343,501,p0
/home/adam/Desktop/betzalel_personal/keras-retinanet/data/araplus/raw_data/16-06-2020 105330.jpg,0,42,115,256,p0
/home/adam/Desktop/betzalel_personal/keras-retinanet/data/araplus/raw_data/16-06-2020 105330.jpg,79,42,163,246,p0
/home/adam/Desktop/betzalel_personal/keras-retinanet/data/araplus/raw_data/16-06-2020 105330.jpg,343,330,407,502,p0
/home/adam/Desktop/betzalel_personal/keras-retinanet/data/araplus/raw_data/16-06-2020 105330.jpg,411,325,462,482,p0
/home/adam/Desktop/betzalel_personal/keras-retinanet/data/araplus/raw_data/16-06-2020 130447.jpg,550,546,681,795,p0
/home/adam/Desktop/betzalel_personal/keras-retinanet/data/araplus/raw_data/16-06-2020 130447.jpg,682,581,786,834,p0
/home/adam/Desktop/betzalel_personal/keras-retinanet/data/araplus/raw_data/16-06-2020 130447.jpg,498,0,697,423,p0
/home/adam/Desktop/betzalel_personal/keras-retinanet/data/araplus/raw_data/16-06-2020 130447.jpg,285,0,528,404,p0
/home/adam/Desktop/betzalel_personal/keras-retinanet/data/araplus/raw_data/16-06-2020 130651.jpg,609,271,832,959,p0
/home/adam/Desktop/betzalel_personal/keras-retinanet/data/araplus/raw_data/16-06-2020 130651.jpg,355,239,564,848,p0
/home/adam/Desktop/betzalel_personal/keras-retinanet/data/araplus/raw_data/16-06-2020 130651.jpg,105,251,341,845,p0
/home/adam/Desktop/betzalel_personal/keras-retinanet/data/araplus/raw_data/16-06-2020 105645.jpg,462,957,631,1231,p0
/home/adam/Desktop/betzalel_personal/keras-retinanet/data/araplus/raw_data/16-06-2020 105645.jpg,569,185,800,738,p0
/home/adam/Desktop/betzalel_personal/keras-retinanet/data/araplus/raw_data/16-06-2020 105645.jpg,626,935,753,1234,p0
/home/adam/Desktop/betzalel_personal/keras-retinanet/data/araplus/raw_data/16-06-2020 105645.jpg,198,992,406,1242,p0
/home/adam/Desktop/betzalel_personal/keras-retinanet/data/araplus/raw_data/16-06-2020 105645.jpg,344,293,528,724,p0
/home/adam/Desktop/betzalel_personal/keras-retinanet/data/araplus/raw_data/16-06-2020 105645.jpg,210,303,313,696,p0
/home/adam/Desktop/betzalel_personal/keras-retinanet/data/araplus/raw_data/16-06-2020 105536.jpg,2,7,253,858,p0
/home/adam/Desktop/betzalel_personal/keras-retinanet/data/araplus/raw_data/16-06-2020 105536.jpg,268,17,548,813,p0
/home/adam/Desktop/betzalel_personal/keras-retinanet/data/araplus/raw_data/16-06-2020 105804.jpg,272,4,417,201,p0
/home/adam/Desktop/betzalel_personal/keras-retinanet/data/araplus/raw_data/16-06-2020 105804.jpg,397,2,538,190,p0
/home/adam/Desktop/betzalel_personal/keras-retinanet/data/araplus/raw_data/16-06-2020 105804.jpg,5,7,75,218,p0
/home/adam/Desktop/betzalel_personal/keras-retinanet/data/araplus/raw_data/16-06-2020 105804.jpg,114,17,239,205,p0
/home/adam/Desktop/betzalel_personal/keras-retinanet/data/araplus/raw_data/16-06-2020 105804.jpg,47,353,188,622,p0
/home/adam/Desktop/betzalel_personal/keras-retinanet/data/araplus/raw_data/16-06-2020 105804.jpg,163,336,290,610,p0
/home/adam/Desktop/betzalel_personal/keras-retinanet/data/araplus/raw_data/16-06-2020 105804.jpg,9,360,45,685,p0
/home/adam/Desktop/betzalel_personal/keras-retinanet/data/araplus/raw_data/16-06-2020 105804.jpg,287,338,402,589,p0
/home/adam/Desktop/betzalel_personal/keras-retinanet/data/araplus/raw_data/16-06-2020 105804.jpg,382,340,482,569,p0
/home/adam/Desktop/betzalel_personal/keras-retinanet/data/araplus/raw_data/16-06-2020 105742.jpg,0,288,67,741,p0
/home/adam/Desktop/betzalel_personal/keras-retinanet/data/araplus/raw_data/16-06-2020 105742.jpg,90,266,274,710,p0
/home/adam/Desktop/betzalel_personal/keras-retinanet/data/araplus/raw_data/16-06-2020 105742.jpg,278,280,428,753,p0
/home/adam/Desktop/betzalel_personal/keras-retinanet/data/araplus/raw_data/16-06-2020 105742.jpg,447,289,592,705,p0
/home/adam/Desktop/betzalel_personal/keras-retinanet/data/araplus/raw_data/16-06-2020 130532.jpg,634,286,761,668,p0
/home/adam/Desktop/betzalel_personal/keras-retinanet/data/araplus/raw_data/16-06-2020 130532.jpg,765,280,832,665,p0
/home/adam/Desktop/betzalel_personal/keras-retinanet/data/araplus/raw_data/16-06-2020 130532.jpg,799,776,832,1066,p0
/home/adam/Desktop/betzalel_personal/keras-retinanet/data/araplus/raw_data/16-06-2020 130532.jpg,703,791,801,1074,p0
/home/adam/Desktop/betzalel_personal/keras-retinanet/data/araplus/raw_data/16-06-2020 130532.jpg,585,766,688,1006,p0
/home/adam/Desktop/betzalel_personal/keras-retinanet/data/araplus/raw_data/16-06-2020 130532.jpg,487,770,575,991,p0
/home/adam/Desktop/betzalel_personal/keras-retinanet/data/araplus/raw_data/16-06-2020 130532.jpg,388,331,530,706,p0
/home/adam/Desktop/betzalel_personal/keras-retinanet/data/araplus/raw_data/16-06-2020 130532.jpg,515,305,651,697,p0
/home/adam/Desktop/betzalel_personal/keras-retinanet/data/araplus/raw_data/16-06-2020 105619.jpg,599,425,716,744,p0
/home/adam/Desktop/betzalel_personal/keras-retinanet/data/araplus/raw_data/16-06-2020 105619.jpg,54,395,214,784,p0
/home/adam/Desktop/betzalel_personal/keras-retinanet/data/araplus/raw_data/16-06-2020 105619.jpg,37,963,187,1237,p0
/home/adam/Desktop/betzalel_personal/keras-retinanet/data/araplus/raw_data/16-06-2020 105619.jpg,696,395,806,769,p0
/home/adam/Desktop/betzalel_personal/keras-retinanet/data/araplus/raw_data/16-06-2020 105619.jpg,231,440,341,784,p0
/home/adam/Desktop/betzalel_personal/keras-retinanet/data/araplus/raw_data/16-06-2020 105619.jpg,202,950,353,1231,p0
/home/adam/Desktop/betzalel_personal/keras-retinanet/data/araplus/raw_data/16-06-2020 105619.jpg,693,982,829,1232,p0
/home/adam/Desktop/betzalel_personal/keras-retinanet/data/araplus/raw_data/16-06-2020 105619.jpg,344,455,466,746,p0
/home/adam/Desktop/betzalel_personal/keras-retinanet/data/araplus/raw_data/16-06-2020 105619.jpg,462,345,614,759,p0
/home/adam/Desktop/betzalel_personal/keras-retinanet/data/araplus/raw_data/16-06-2020 130735.jpg,411,1,526,231,p0
/home/adam/Desktop/betzalel_personal/keras-retinanet/data/araplus/raw_data/16-06-2020 130735.jpg,614,0,751,211,p0
/home/adam/Desktop/betzalel_personal/keras-retinanet/data/araplus/raw_data/16-06-2020 130735.jpg,425,944,529,1248,p0
/home/adam/Desktop/betzalel_personal/keras-retinanet/data/araplus/raw_data/16-06-2020 130735.jpg,550,937,640,1248,p0
/home/adam/Desktop/betzalel_personal/keras-retinanet/data/araplus/raw_data/16-06-2020 130735.jpg,178,963,286,1243,p0
/home/adam/Desktop/betzalel_personal/keras-retinanet/data/araplus/raw_data/16-06-2020 130735.jpg,305,941,422,1248,p0
/home/adam/Desktop/betzalel_personal/keras-retinanet/data/araplus/raw_data/16-06-2020 130735.jpg,439,416,556,758,p0
/home/adam/Desktop/betzalel_personal/keras-retinanet/data/araplus/raw_data/16-06-2020 130735.jpg,337,416,447,752,p0
/home/adam/Desktop/betzalel_personal/keras-retinanet/data/araplus/raw_data/16-06-2020 130735.jpg,204,401,330,768,p0
/home/adam/Desktop/betzalel_personal/keras-retinanet/data/araplus/raw_data/16-06-2020 130735.jpg,520,0,618,220,p0
/home/adam/Desktop/betzalel_personal/keras-retinanet/data/araplus/raw_data/16-06-2020 130735.jpg,9,0,96,234,p0
/home/adam/Desktop/betzalel_personal/keras-retinanet/data/araplus/raw_data/16-06-2020 105633.jpg,372,424,543,719,p0
/home/adam/Desktop/betzalel_personal/keras-retinanet/data/araplus/raw_data/16-06-2020 105633.jpg,422,946,625,1241,p0
/home/adam/Desktop/betzalel_personal/keras-retinanet/data/araplus/raw_data/16-06-2020 105633.jpg,532,400,682,714,p0
/home/adam/Desktop/betzalel_personal/keras-retinanet/data/araplus/raw_data/16-06-2020 105633.jpg,4,440,55,748,p0
/home/adam/Desktop/betzalel_personal/keras-retinanet/data/araplus/raw_data/16-06-2020 105633.jpg,28,291,263,752,p0
/home/adam/Desktop/betzalel_personal/keras-retinanet/data/araplus/raw_data/IMG_6238.jpg,1080,2248,1517,3591,p0
/home/adam/Desktop/betzalel_personal/keras-retinanet/data/araplus/raw_data/IMG_6238.jpg,1515,2242,1917,3545,p0
/home/adam/Desktop/betzalel_personal/keras-retinanet/data/araplus/raw_data/IMG_6238.jpg,217,96,722,1635,p0
/home/adam/Desktop/betzalel_personal/keras-retinanet/data/araplus/raw_data/IMG_6238.jpg,771,146,1275,1594,p0
/home/adam/Desktop/betzalel_personal/keras-retinanet/data/araplus/raw_data/IMG_6238.jpg,1274,167,1751,1593,p0
/home/adam/Desktop/betzalel_personal/keras-retinanet/data/araplus/raw_data/IMG_6238.jpg,648,2250,1091,3592,p0
/home/adam/Desktop/betzalel_personal/keras-retinanet/data/araplus/raw_data/IMG_6238.jpg,186,2250,652,3598,p0
/home/adam/Desktop/betzalel_personal/keras-retinanet/data/araplus/raw_data/IMG_6238.jpg,1753,203,2240,1627,p0
/home/adam/Desktop/betzalel_personal/keras-retinanet/data/araplus/raw_data/IMG_6238.jpg,2221,241,2660,1611,p0
/home/adam/Desktop/betzalel_personal/keras-retinanet/data/araplus/raw_data/16-06-2020 130522.jpg,347,0,481,302,p0
/home/adam/Desktop/betzalel_personal/keras-retinanet/data/araplus/raw_data/16-06-2020 130522.jpg,456,0,637,313,p0
/home/adam/Desktop/betzalel_personal/keras-retinanet/data/araplus/raw_data/16-06-2020 130522.jpg,352,440,461,729,p0
/home/adam/Desktop/betzalel_personal/keras-retinanet/data/araplus/raw_data/16-06-2020 130522.jpg,438,426,557,723,p0
/home/adam/Desktop/betzalel_personal/keras-retinanet/data/araplus/raw_data/16-06-2020 130522.jpg,240,411,348,684,p0
/home/adam/Desktop/betzalel_personal/keras-retinanet/data/araplus/raw_data/16-06-2020 130522.jpg,137,406,225,678,p0
/home/adam/Desktop/betzalel_personal/keras-retinanet/data/araplus/raw_data/16-06-2020 130522.jpg,38,0,204,319,p0
/home/adam/Desktop/betzalel_personal/keras-retinanet/data/araplus/raw_data/16-06-2020 130522.jpg,199,0,340,327,p0
/home/adam/Desktop/betzalel_personal/keras-retinanet/data/araplus/raw_data/16-06-2020 130522.jpg,189,843,261,979,p0
/home/adam/Desktop/betzalel_personal/keras-retinanet/data/araplus/raw_data/16-06-2020 130522.jpg,275,832,352,995,p0
/home/adam/Desktop/betzalel_personal/keras-retinanet/data/araplus/raw_data/16-06-2020 130522.jpg,358,830,430,956,p0
/home/adam/Desktop/betzalel_personal/keras-retinanet/data/araplus/raw_data/16-06-2020 130522.jpg,629,809,734,963,p0
/home/adam/Desktop/betzalel_personal/keras-retinanet/data/araplus/raw_data/16-06-2020 130522.jpg,727,803,796,904,p0
/home/adam/Desktop/betzalel_personal/keras-retinanet/data/araplus/raw_data/16-06-2020 130522.jpg,393,1089,460,1214,p0
/home/adam/Desktop/betzalel_personal/keras-retinanet/data/araplus/raw_data/16-06-2020 130522.jpg,328,1088,391,1218,p0
/home/adam/Desktop/betzalel_personal/keras-retinanet/data/araplus/raw_data/16-06-2020 130522.jpg,189,1103,263,1248,p0
/home/adam/Desktop/betzalel_personal/keras-retinanet/data/araplus/raw_data/16-06-2020 130522.jpg,266,1097,328,1241,p0
/home/adam/Desktop/betzalel_personal/keras-retinanet/data/araplus/raw_data/16-06-2020 130623.jpg,6,277,220,772,p0
/home/adam/Desktop/betzalel_personal/keras-retinanet/data/araplus/raw_data/16-06-2020 130623.jpg,169,270,367,803,p0
/home/adam/Desktop/betzalel_personal/keras-retinanet/data/araplus/raw_data/16-06-2020 130623.jpg,379,265,551,765,p0
/home/adam/Desktop/betzalel_personal/keras-retinanet/data/araplus/raw_data/16-06-2020 105628.jpg,156,406,355,734,p0
/home/adam/Desktop/betzalel_personal/keras-retinanet/data/araplus/raw_data/16-06-2020 105628.jpg,223,957,427,1248,p0
/home/adam/Desktop/betzalel_personal/keras-retinanet/data/araplus/raw_data/16-06-2020 105628.jpg,313,368,492,699,p0
/home/adam/Desktop/betzalel_personal/keras-retinanet/data/araplus/raw_data/16-06-2020 105628.jpg,448,928,652,1248,p0
/home/adam/Desktop/betzalel_personal/keras-retinanet/data/araplus/raw_data/16-06-2020 105628.jpg,25,442,67,716,p0
/home/adam/Desktop/betzalel_personal/keras-retinanet/data/araplus/raw_data/16-06-2020 105431.jpg,392,966,514,1239,p0
/home/adam/Desktop/betzalel_personal/keras-retinanet/data/araplus/raw_data/16-06-2020 105431.jpg,529,957,679,1237,p0
/home/adam/Desktop/betzalel_personal/keras-retinanet/data/araplus/raw_data/16-06-2020 105431.jpg,591,360,753,804,p0
/home/adam/Desktop/betzalel_personal/keras-retinanet/data/araplus/raw_data/16-06-2020 105431.jpg,34,388,154,792,p0
/home/adam/Desktop/betzalel_personal/keras-retinanet/data/araplus/raw_data/16-06-2020 105431.jpg,84,967,249,1248,p0
/home/adam/Desktop/betzalel_personal/keras-retinanet/data/araplus/raw_data/16-06-2020 105431.jpg,236,968,377,1242,p0
/home/adam/Desktop/betzalel_personal/keras-retinanet/data/araplus/raw_data/16-06-2020 105431.jpg,367,340,548,818,p0
/home/adam/Desktop/betzalel_personal/keras-retinanet/data/araplus/raw_data/16-06-2020 105431.jpg,263,9,403,114,p0
/home/adam/Desktop/betzalel_personal/keras-retinanet/data/araplus/raw_data/16-06-2020 105431.jpg,149,349,338,840,p0
/home/adam/Desktop/betzalel_personal/keras-retinanet/data/araplus/raw_data/IMG_6234.jpg,2336,431,2813,1839,p0
/home/adam/Desktop/betzalel_personal/keras-retinanet/data/araplus/raw_data/IMG_6234.jpg,2817,417,3024,1837,p0
/home/adam/Desktop/betzalel_personal/keras-retinanet/data/araplus/raw_data/IMG_6234.jpg,1934,536,2348,1829,p0
/home/adam/Desktop/betzalel_personal/keras-retinanet/data/araplus/raw_data/IMG_6234.jpg,1483,552,1924,1835,p0
/home/adam/Desktop/betzalel_personal/keras-retinanet/data/araplus/raw_data/IMG_6234.jpg,1050,537,1504,1857,p0
/home/adam/Desktop/betzalel_personal/keras-retinanet/data/araplus/raw_data/IMG_6234.jpg,662,566,1047,1849,p0
/home/adam/Desktop/betzalel_personal/keras-retinanet/data/araplus/raw_data/IMG_6234.jpg,1232,2467,1686,3852,p0
/home/adam/Desktop/betzalel_personal/keras-retinanet/data/araplus/raw_data/IMG_6234.jpg,831,2453,1266,3815,p0
/home/adam/Desktop/betzalel_personal/keras-retinanet/data/araplus/raw_data/IMG_6234.jpg,392,2448,805,3818,p0
/home/adam/Desktop/betzalel_personal/keras-retinanet/data/araplus/raw_data/IMG_6234.jpg,58,2455,414,3753,p0
/home/adam/Desktop/betzalel_personal/keras-retinanet/data/araplus/raw_data/16-06-2020 105753.jpg,4,2,140,227,p0
/home/adam/Desktop/betzalel_personal/keras-retinanet/data/araplus/raw_data/16-06-2020 105753.jpg,159,2,321,206,p0
/home/adam/Desktop/betzalel_personal/keras-retinanet/data/araplus/raw_data/16-06-2020 105753.jpg,14,552,84,799,p0
/home/adam/Desktop/betzalel_personal/keras-retinanet/data/araplus/raw_data/16-06-2020 105753.jpg,4,435,218,724,p0
/home/adam/Desktop/betzalel_personal/keras-retinanet/data/araplus/raw_data/16-06-2020 105753.jpg,151,385,308,684,p0
/home/adam/Desktop/betzalel_personal/keras-retinanet/data/araplus/raw_data/16-06-2020 130653.jpg,699,0,832,257,p0
/home/adam/Desktop/betzalel_personal/keras-retinanet/data/araplus/raw_data/16-06-2020 130653.jpg,14,0,150,235,p0
/home/adam/Desktop/betzalel_personal/keras-retinanet/data/araplus/raw_data/16-06-2020 130653.jpg,128,0,248,235,p0
/home/adam/Desktop/betzalel_personal/keras-retinanet/data/araplus/raw_data/16-06-2020 130653.jpg,231,0,348,269,p0
/home/adam/Desktop/betzalel_personal/keras-retinanet/data/araplus/raw_data/16-06-2020 130653.jpg,348,0,441,253,p0
/home/adam/Desktop/betzalel_personal/keras-retinanet/data/araplus/raw_data/16-06-2020 130653.jpg,313,698,386,844,p0
/home/adam/Desktop/betzalel_personal/keras-retinanet/data/araplus/raw_data/16-06-2020 130653.jpg,385,716,449,842,p0
/home/adam/Desktop/betzalel_personal/keras-retinanet/data/araplus/raw_data/16-06-2020 130653.jpg,307,351,391,570,p0
/home/adam/Desktop/betzalel_personal/keras-retinanet/data/araplus/raw_data/16-06-2020 130653.jpg,221,366,310,600,p0
/home/adam/Desktop/betzalel_personal/keras-retinanet/data/araplus/raw_data/16-06-2020 130653.jpg,126,363,227,589,p0
/home/adam/Desktop/betzalel_personal/keras-retinanet/data/araplus/raw_data/16-06-2020 130653.jpg,610,323,704,565,p0
/home/adam/Desktop/betzalel_personal/keras-retinanet/data/araplus/raw_data/16-06-2020 130653.jpg,681,318,785,515,p0
/home/adam/Desktop/betzalel_personal/keras-retinanet/data/araplus/raw_data/16-06-2020 130653.jpg,190,716,263,882,p0
/home/adam/Desktop/betzalel_personal/keras-retinanet/data/araplus/raw_data/16-06-2020 130653.jpg,254,699,333,862,p0
/home/adam/Desktop/betzalel_personal/keras-retinanet/data/araplus/raw_data/IMG_6247.jpg,0,844,653,3327,p0
/home/adam/Desktop/betzalel_personal/keras-retinanet/data/araplus/raw_data/IMG_6247.jpg,618,886,1408,3243,p0
/home/adam/Desktop/betzalel_personal/keras-retinanet/data/araplus/raw_data/IMG_6247.jpg,1399,929,2120,3188,p0
/home/adam/Desktop/betzalel_personal/keras-retinanet/data/araplus/raw_data/IMG_6247.jpg,2120,971,2786,3117,p0
/home/adam/Desktop/betzalel_personal/keras-retinanet/data/araplus/raw_data/IMG_6236.jpg,1682,1182,2422,3271,p0
/home/adam/Desktop/betzalel_personal/keras-retinanet/data/araplus/raw_data/IMG_6236.jpg,2361,1197,3024,3273,p0
/home/adam/Desktop/betzalel_personal/keras-retinanet/data/araplus/raw_data/IMG_6236.jpg,1271,1269,1654,3147,p0
/home/adam/Desktop/betzalel_personal/keras-retinanet/data/araplus/raw_data/IMG_6236.jpg,706,1269,1292,3100,p0
/home/adam/Desktop/betzalel_personal/keras-retinanet/data/araplus/raw_data/IMG_6236.jpg,49,1282,675,3054,p0
/home/adam/Desktop/betzalel_personal/keras-retinanet/data/araplus/raw_data/16-06-2020 130543.jpg,606,375,686,755,p0
/home/adam/Desktop/betzalel_personal/keras-retinanet/data/araplus/raw_data/16-06-2020 130543.jpg,474,331,622,794,p0
/home/adam/Desktop/betzalel_personal/keras-retinanet/data/araplus/raw_data/16-06-2020 130543.jpg,312,337,456,800,p0
/home/adam/Desktop/betzalel_personal/keras-retinanet/data/araplus/raw_data/16-06-2020 130543.jpg,165,341,315,800,p0
/home/adam/Desktop/betzalel_personal/keras-retinanet/data/araplus/raw_data/16-06-2020 105700.jpg,144,4,284,218,p0
/home/adam/Desktop/betzalel_personal/keras-retinanet/data/araplus/raw_data/16-06-2020 105700.jpg,343,0,474,177,p0
/home/adam/Desktop/betzalel_personal/keras-retinanet/data/araplus/raw_data/16-06-2020 105700.jpg,572,404,697,753,p0
/home/adam/Desktop/betzalel_personal/keras-retinanet/data/araplus/raw_data/16-06-2020 105700.jpg,686,373,816,732,p0
/home/adam/Desktop/betzalel_personal/keras-retinanet/data/araplus/raw_data/16-06-2020 105700.jpg,167,437,403,849,p0
/home/adam/Desktop/betzalel_personal/keras-retinanet/data/araplus/raw_data/16-06-2020 105700.jpg,376,457,580,829,p0
/home/adam/Desktop/betzalel_personal/keras-retinanet/data/araplus/raw_data/16-06-2020 105700.jpg,512,8,669,169,p0
/home/adam/Desktop/betzalel_personal/keras-retinanet/data/araplus/raw_data/16-06-2020 105700.jpg,713,4,830,152,p0
/home/adam/Desktop/betzalel_personal/keras-retinanet/data/araplus/raw_data/16-06-2020 105700.jpg,39,475,137,975,p0
/home/adam/Desktop/betzalel_personal/keras-retinanet/data/araplus/raw_data/16-06-2020 105820.jpg,6,282,69,854,p0
/home/adam/Desktop/betzalel_personal/keras-retinanet/data/araplus/raw_data/16-06-2020 105820.jpg,87,248,349,854,p0
/home/adam/Desktop/betzalel_personal/keras-retinanet/data/araplus/raw_data/16-06-2020 105820.jpg,392,196,601,834,p0
/home/adam/Desktop/betzalel_personal/keras-retinanet/data/araplus/raw_data/16-06-2020 105820.jpg,641,176,829,814,p0
/home/adam/Desktop/betzalel_personal/keras-retinanet/data/araplus/raw_data/16-06-2020 105435.jpg,447,960,574,1240,p0
/home/adam/Desktop/betzalel_personal/keras-retinanet/data/araplus/raw_data/16-06-2020 105435.jpg,589,937,736,1236,p0
/home/adam/Desktop/betzalel_personal/keras-retinanet/data/araplus/raw_data/16-06-2020 105435.jpg,651,359,801,796,p0
/home/adam/Desktop/betzalel_personal/keras-retinanet/data/araplus/raw_data/16-06-2020 105435.jpg,17,417,95,776,p0
/home/adam/Desktop/betzalel_personal/keras-retinanet/data/araplus/raw_data/16-06-2020 105435.jpg,0,979,110,1236,p0
/home/adam/Desktop/betzalel_personal/keras-retinanet/data/araplus/raw_data/16-06-2020 105435.jpg,104,395,254,778,p0
/home/adam/Desktop/betzalel_personal/keras-retinanet/data/araplus/raw_data/16-06-2020 105435.jpg,149,962,318,1217,p0
/home/adam/Desktop/betzalel_personal/keras-retinanet/data/araplus/raw_data/16-06-2020 105435.jpg,294,960,436,1226,p0
/home/adam/Desktop/betzalel_personal/keras-retinanet/data/araplus/raw_data/16-06-2020 105435.jpg,474,311,631,794,p0
/home/adam/Desktop/betzalel_personal/keras-retinanet/data/araplus/raw_data/16-06-2020 105435.jpg,310,0,462,117,p0
/home/adam/Desktop/betzalel_personal/keras-retinanet/data/araplus/raw_data/16-06-2020 105435.jpg,238,339,398,806,p0
/home/adam/Desktop/betzalel_personal/keras-retinanet/data/araplus/raw_data/16-06-2020 130327.jpg,354,440,437,695,p0
/home/adam/Desktop/betzalel_personal/keras-retinanet/data/araplus/raw_data/16-06-2020 130327.jpg,443,436,513,672,p0
/home/adam/Desktop/betzalel_personal/keras-retinanet/data/araplus/raw_data/16-06-2020 130327.jpg,0,475,64,694,p0
/home/adam/Desktop/betzalel_personal/keras-retinanet/data/araplus/raw_data/16-06-2020 130327.jpg,49,470,139,674,p0
/home/adam/Desktop/betzalel_personal/keras-retinanet/data/araplus/raw_data/16-06-2020 130327.jpg,6,783,59,983,p0
/home/adam/Desktop/betzalel_personal/keras-retinanet/data/araplus/raw_data/16-06-2020 130327.jpg,54,793,134,982,p0
/home/adam/Desktop/betzalel_personal/keras-retinanet/data/araplus/raw_data/16-06-2020 130327.jpg,109,801,187,982,p0
/home/adam/Desktop/betzalel_personal/keras-retinanet/data/araplus/raw_data/16-06-2020 130327.jpg,514,446,575,660,p0
/home/adam/Desktop/betzalel_personal/keras-retinanet/data/araplus/raw_data/16-06-2020 130327.jpg,583,435,646,649,p0
/home/adam/Desktop/betzalel_personal/keras-retinanet/data/araplus/raw_data/16-06-2020 130327.jpg,595,88,646,316,p0
/home/adam/Desktop/betzalel_personal/keras-retinanet/data/araplus/raw_data/16-06-2020 130327.jpg,348,54,422,319,p0
/home/adam/Desktop/betzalel_personal/keras-retinanet/data/araplus/raw_data/16-06-2020 130327.jpg,427,52,505,324,p0
/home/adam/Desktop/betzalel_personal/keras-retinanet/data/araplus/raw_data/16-06-2020 130327.jpg,526,67,567,307,p0
/home/adam/Desktop/betzalel_personal/keras-retinanet/data/araplus/raw_data/16-06-2020 130327.jpg,89,99,158,316,p0
/home/adam/Desktop/betzalel_personal/keras-retinanet/data/araplus/raw_data/16-06-2020 130327.jpg,0,92,74,320,p0
/home/adam/Desktop/betzalel_personal/keras-retinanet/data/araplus/raw_data/16-06-2020 130327.jpg,367,804,447,1018,p0
/home/adam/Desktop/betzalel_personal/keras-retinanet/data/araplus/raw_data/16-06-2020 130327.jpg,427,784,512,1006,p0
/home/adam/Desktop/betzalel_personal/keras-retinanet/data/araplus/raw_data/16-06-2020 130327.jpg,532,791,591,1002,p0
/home/adam/Desktop/betzalel_personal/keras-retinanet/data/araplus/raw_data/16-06-2020 130327.jpg,611,808,657,1018,p0
/home/adam/Desktop/betzalel_personal/keras-retinanet/data/araplus/raw_data/16-06-2020 130327.jpg,359,1072,422,1229,p0
/home/adam/Desktop/betzalel_personal/keras-retinanet/data/araplus/raw_data/16-06-2020 130327.jpg,443,1062,513,1204,p0
/home/adam/Desktop/betzalel_personal/keras-retinanet/data/araplus/raw_data/16-06-2020 130327.jpg,529,1092,580,1248,p0
/home/adam/Desktop/betzalel_personal/keras-retinanet/data/araplus/raw_data/16-06-2020 130327.jpg,595,1067,646,1216,p0
/home/adam/Desktop/betzalel_personal/keras-retinanet/data/araplus/raw_data/16-06-2020 130327.jpg,4,1077,45,1215,p0
/home/adam/Desktop/betzalel_personal/keras-retinanet/data/araplus/raw_data/16-06-2020 130327.jpg,49,1087,105,1225,p0
/home/adam/Desktop/betzalel_personal/keras-retinanet/data/araplus/raw_data/16-06-2020 130327.jpg,105,1079,178,1221,p0
/home/adam/Desktop/betzalel_personal/keras-retinanet/data/araplus/raw_data/16-06-2020 130753.jpg,588,347,698,683,p0
/home/adam/Desktop/betzalel_personal/keras-retinanet/data/araplus/raw_data/16-06-2020 130753.jpg,506,340,596,683,p0
/home/adam/Desktop/betzalel_personal/keras-retinanet/data/araplus/raw_data/16-06-2020 130753.jpg,390,299,507,697,p0
/home/adam/Desktop/betzalel_personal/keras-retinanet/data/araplus/raw_data/16-06-2020 130753.jpg,244,299,359,688,p0
/home/adam/Desktop/betzalel_personal/keras-retinanet/data/araplus/raw_data/16-06-2020 130753.jpg,28,310,153,692,p0
/home/adam/Desktop/betzalel_personal/keras-retinanet/data/araplus/raw_data/16-06-2020 130753.jpg,81,844,205,1234,p0
/home/adam/Desktop/betzalel_personal/keras-retinanet/data/araplus/raw_data/16-06-2020 130753.jpg,0,847,89,1214,p0
/home/adam/Desktop/betzalel_personal/keras-retinanet/data/araplus/raw_data/16-06-2020 130753.jpg,178,369,247,689,p0
/home/adam/Desktop/betzalel_personal/keras-retinanet/data/araplus/raw_data/16-06-2020 130428.jpg,308,0,428,227,p0
/home/adam/Desktop/betzalel_personal/keras-retinanet/data/araplus/raw_data/16-06-2020 130428.jpg,464,0,588,185,p0
/home/adam/Desktop/betzalel_personal/keras-retinanet/data/araplus/raw_data/16-06-2020 130428.jpg,572,1,707,275,p0
/home/adam/Desktop/betzalel_personal/keras-retinanet/data/araplus/raw_data/16-06-2020 130428.jpg,691,0,801,226,p0
/home/adam/Desktop/betzalel_personal/keras-retinanet/data/araplus/raw_data/16-06-2020 130428.jpg,76,364,187,530,p0
/home/adam/Desktop/betzalel_personal/keras-retinanet/data/araplus/raw_data/16-06-2020 130428.jpg,366,424,439,517,p0
/home/adam/Desktop/betzalel_personal/keras-retinanet/data/araplus/raw_data/16-06-2020 130428.jpg,445,344,532,515,p0
/home/adam/Desktop/betzalel_personal/keras-retinanet/data/araplus/raw_data/16-06-2020 130428.jpg,519,350,609,530,p0
/home/adam/Desktop/betzalel_personal/keras-retinanet/data/araplus/raw_data/16-06-2020 130428.jpg,571,373,695,560,p0
/home/adam/Desktop/betzalel_personal/keras-retinanet/data/araplus/raw_data/16-06-2020 130642.jpg,464,367,584,801,p0
/home/adam/Desktop/betzalel_personal/keras-retinanet/data/araplus/raw_data/16-06-2020 130642.jpg,297,413,464,821,p0
/home/adam/Desktop/betzalel_personal/keras-retinanet/data/araplus/raw_data/16-06-2020 130642.jpg,163,360,324,726,p0
/home/adam/Desktop/betzalel_personal/keras-retinanet/data/araplus/raw_data/16-06-2020 130642.jpg,0,351,176,710,p0
/home/adam/Desktop/betzalel_personal/keras-retinanet/data/araplus/raw_data/16-06-2020 105654.jpg,146,2,349,212,p0
/home/adam/Desktop/betzalel_personal/keras-retinanet/data/araplus/raw_data/16-06-2020 105654.jpg,371,4,502,223,p0
/home/adam/Desktop/betzalel_personal/keras-retinanet/data/araplus/raw_data/16-06-2020 105654.jpg,537,408,667,801,p0
/home/adam/Desktop/betzalel_personal/keras-retinanet/data/araplus/raw_data/16-06-2020 105654.jpg,678,415,810,787,p0
/home/adam/Desktop/betzalel_personal/keras-retinanet/data/araplus/raw_data/16-06-2020 105654.jpg,188,471,387,869,p0
/home/adam/Desktop/betzalel_personal/keras-retinanet/data/araplus/raw_data/16-06-2020 105654.jpg,363,483,542,859,p0
/home/adam/Desktop/betzalel_personal/keras-retinanet/data/araplus/raw_data/16-06-2020 105654.jpg,531,12,696,237,p0
/home/adam/Desktop/betzalel_personal/keras-retinanet/data/araplus/raw_data/16-06-2020 105654.jpg,720,14,823,226,p0
/home/adam/Desktop/betzalel_personal/keras-retinanet/data/araplus/raw_data/16-06-2020 105654.jpg,1,495,106,929,p0
/home/adam/Desktop/betzalel_personal/keras-retinanet/data/araplus/raw_data/IMG_6219.jpg,2413,957,3024,2558,p0
/home/adam/Desktop/betzalel_personal/keras-retinanet/data/araplus/raw_data/IMG_6219.jpg,1791,467,2512,2713,p0
/home/adam/Desktop/betzalel_personal/keras-retinanet/data/araplus/raw_data/IMG_6219.jpg,1038,579,2016,2628,p0
/home/adam/Desktop/betzalel_personal/keras-retinanet/data/araplus/raw_data/IMG_6219.jpg,267,992,1030,2579,p0
/home/adam/Desktop/betzalel_personal/keras-retinanet/data/araplus/raw_data/16-06-2020 105611.jpg,24,375,232,859,p0
/home/adam/Desktop/betzalel_personal/keras-retinanet/data/araplus/raw_data/16-06-2020 105611.jpg,287,430,442,808,p0
/home/adam/Desktop/betzalel_personal/keras-retinanet/data/araplus/raw_data/16-06-2020 105611.jpg,448,430,570,808,p0
/home/adam/Desktop/betzalel_personal/keras-retinanet/data/araplus/raw_data/16-06-2020 105611.jpg,651,355,830,808,p0
/home/adam/Desktop/betzalel_personal/keras-retinanet/data/araplus/raw_data/16-06-2020 105611.jpg,596,460,691,772,p0
/home/adam/Desktop/betzalel_personal/keras-retinanet/data/araplus/raw_data/16-06-2020 105538.jpg,4,31,188,880,p0
/home/adam/Desktop/betzalel_personal/keras-retinanet/data/araplus/raw_data/16-06-2020 105538.jpg,201,26,494,835,p0
/home/adam/Desktop/betzalel_personal/keras-retinanet/data/araplus/raw_data/16-06-2020 130557.jpg,389,229,572,689,p0
/home/adam/Desktop/betzalel_personal/keras-retinanet/data/araplus/raw_data/16-06-2020 130557.jpg,215,229,392,674,p0
/home/adam/Desktop/betzalel_personal/keras-retinanet/data/araplus/raw_data/16-06-2020 130557.jpg,0,241,96,743,p0
/home/adam/Desktop/betzalel_personal/keras-retinanet/data/araplus/raw_data/16-06-2020 130557.jpg,55,217,279,720,p0
/home/adam/Desktop/betzalel_personal/keras-retinanet/data/araplus/raw_data/16-06-2020 105547.jpg,1,33,158,729,p0
/home/adam/Desktop/betzalel_personal/keras-retinanet/data/araplus/raw_data/16-06-2020 105547.jpg,273,1,767,729,p0
/home/adam/Desktop/betzalel_personal/keras-retinanet/data/araplus/raw_data/16-06-2020 130706.jpg,421,1,721,821,p0
/home/adam/Desktop/betzalel_personal/keras-retinanet/data/araplus/raw_data/16-06-2020 130706.jpg,99,0,453,843,p0
/home/adam/Desktop/betzalel_personal/keras-retinanet/data/araplus/raw_data/16-06-2020 130706.jpg,387,1000,529,1203,p0
/home/adam/Desktop/betzalel_personal/keras-retinanet/data/araplus/raw_data/16-06-2020 130706.jpg,544,996,697,1217,p0
/home/adam/Desktop/betzalel_personal/keras-retinanet/data/araplus/raw_data/16-06-2020 130706.jpg,721,0,832,754,p0
/home/adam/Desktop/betzalel_personal/keras-retinanet/data/araplus/raw_data/16-06-2020 130620.jpg,420,292,586,792,p0
/home/adam/Desktop/betzalel_personal/keras-retinanet/data/araplus/raw_data/16-06-2020 130620.jpg,217,304,408,835,p0
/home/adam/Desktop/betzalel_personal/keras-retinanet/data/araplus/raw_data/16-06-2020 130620.jpg,55,312,260,812,p0
/home/adam/Desktop/betzalel_personal/keras-retinanet/data/araplus/raw_data/IMG_6226.jpg,1834,1293,2862,3741,p0
/home/adam/Desktop/betzalel_personal/keras-retinanet/data/araplus/raw_data/IMG_6226.jpg,1099,1292,1813,3783,p0
/home/adam/Desktop/betzalel_personal/keras-retinanet/data/araplus/raw_data/IMG_6226.jpg,331,1236,1093,3482,p0
/home/adam/Desktop/betzalel_personal/keras-retinanet/data/araplus/raw_data/IMG_6226.jpg,0,1041,365,3474,p0
